Sample in Buffer,Sample in Window,TRIGGER,u_zc_ddr_mig/u_zc_ddr3_phy/rd_data0_w[15:0],u_zc_ddr_mig/u_zc_ddr3_phy/rd_data1_w[15:0],u_zc_ddr_mig/u_zc_ddr3_phy/rd_data3_w[15:0],u_zc_ddr_mig/u_zc_ddr3_phy/rd_data2_w[15:0],u_m_axi_top/mc_init_done
0,0,0,0000,0000,0000,0000,1
1,1,0,0000,0000,0000,0000,1
2,2,0,0000,0000,0000,0000,1
3,3,0,0000,0000,0000,0000,1
4,4,0,0000,0000,0000,0000,1
5,5,0,0000,0000,0000,0000,1
6,6,0,0000,0000,0000,0000,1
7,7,0,0000,0000,0000,0000,1
8,8,0,0000,0000,0000,0000,1
9,9,0,0000,0000,0000,0000,1
10,10,0,0000,0000,0000,0000,1
11,11,0,0000,0000,0000,0000,1
12,12,0,0000,0000,0000,0000,1
13,13,0,0000,0000,0000,0000,1
14,14,0,0000,0000,0000,0000,1
15,15,0,0000,0000,0000,0000,1
16,16,0,0000,0000,0000,0000,1
17,17,0,0000,0000,0000,0000,1
18,18,0,0000,0000,0000,0000,1
19,19,0,0000,0000,0000,0000,1
20,20,0,0000,0000,0000,0000,1
21,21,0,0000,0000,0000,0000,1
22,22,0,0000,0000,0000,0000,1
23,23,0,0000,0000,0000,0000,1
24,24,0,0000,0000,0000,0000,1
25,25,0,0000,0000,0000,0000,1
26,26,0,0000,0000,0000,0000,1
27,27,0,0000,0000,0000,0000,1
28,28,0,0000,0000,0000,0000,1
29,29,0,0000,0000,0000,0000,1
30,30,0,0000,0000,0000,0000,1
31,31,0,0000,0000,0000,0000,1
32,32,0,0000,0000,0000,0000,1
33,33,0,0000,0000,0000,0000,1
34,34,0,0000,0000,0000,0000,1
35,35,0,0000,0000,0000,0000,1
36,36,0,0000,0000,0000,0000,1
37,37,0,0000,0000,0000,0000,1
38,38,0,0000,0000,0000,0000,1
39,39,0,0000,0000,0000,0000,1
40,40,0,0000,0000,0000,0000,1
41,41,0,0000,0000,0000,0000,1
42,42,0,0000,0000,0000,0000,1
43,43,0,0000,0000,0000,0000,1
44,44,0,0000,0000,0000,0000,1
45,45,0,0000,0000,0000,0000,1
46,46,0,0000,0000,0000,0000,1
47,47,0,0000,0000,0000,0000,1
48,48,0,0000,0000,0000,0000,1
49,49,0,0000,0000,0000,0000,1
50,50,0,0000,0000,0000,0000,1
51,51,0,0000,0000,0000,0000,1
52,52,0,0000,0000,0000,0000,1
53,53,0,0000,0000,0000,0000,1
54,54,0,0000,0000,0000,0000,1
55,55,0,0000,0000,0000,0000,1
56,56,0,0000,0000,0000,0000,1
57,57,0,0000,0000,0000,0000,1
58,58,0,0000,0000,0000,0000,1
59,59,0,0000,0000,0000,0000,1
60,60,0,0000,0000,0000,0000,1
61,61,0,0000,0000,0000,0000,1
62,62,0,0000,0000,0000,0000,1
63,63,0,0000,0000,0000,0000,1
64,64,0,0000,0000,0000,0000,1
65,65,0,0000,0000,0000,0000,1
66,66,0,0000,0000,0000,0000,1
67,67,0,0000,0000,0000,0000,1
68,68,0,0000,0000,0000,0000,1
69,69,0,0000,0000,0000,0000,1
70,70,0,0000,0000,0000,0000,1
71,71,0,0000,0000,0000,0000,1
72,72,0,0000,0000,0000,0000,1
73,73,0,0000,0000,0000,0000,1
74,74,0,0000,0000,0000,0000,1
75,75,0,0000,0000,0000,0000,1
76,76,0,0000,0000,0000,0000,1
77,77,0,0000,0000,0000,0000,1
78,78,0,0000,0000,0000,0000,1
79,79,0,0000,0000,0000,0000,1
80,80,0,0000,0000,0000,0000,1
81,81,0,0000,0000,0000,0000,1
82,82,0,0000,0000,0000,0000,1
83,83,0,0000,0000,0000,0000,1
84,84,0,0000,0000,0000,0000,1
85,85,0,0000,0000,0000,0000,1
86,86,0,0000,0000,0000,0000,1
87,87,0,0000,0000,0000,0000,1
88,88,0,0000,0000,0000,0000,1
89,89,0,0000,0000,0000,0000,1
90,90,0,0000,0000,0000,0000,1
91,91,0,0000,0000,0000,0000,1
92,92,0,0000,0000,0000,0000,1
93,93,0,0000,0000,0000,0000,1
94,94,0,0000,0000,0000,0000,1
95,95,0,0000,0000,0000,0000,1
96,96,0,0000,0000,0000,0000,1
97,97,0,0000,0000,0000,0000,1
98,98,0,0000,0000,0000,0000,1
99,99,0,0000,0000,0000,0000,1
100,100,1,0002,0001,0001,0002,1
101,101,0,0004,0003,0003,0004,1
102,102,0,0006,0005,0005,0006,1
103,103,0,0008,0007,0007,0008,1
104,104,0,000a,0009,0009,000a,1
105,105,0,000c,000b,000b,000c,1
106,106,0,000e,000d,000d,000e,1
107,107,0,0010,000f,000f,0010,1
108,108,0,0012,0011,0011,0012,1
109,109,0,0014,0013,0013,0014,1
110,110,0,0016,0015,0015,0016,1
111,111,0,0018,0017,0017,0018,1
112,112,0,001a,0019,0019,001a,1
113,113,0,001c,001b,001b,001c,1
114,114,0,001e,001d,001d,001e,1
115,115,0,0020,001f,001f,0020,1
116,116,0,0022,0021,0021,0022,1
117,117,0,0024,0023,0023,0024,1
118,118,0,0026,0025,0025,0026,1
119,119,0,0028,0027,0027,0028,1
120,120,0,002a,0029,0029,002a,1
121,121,0,002c,002b,002b,002c,1
122,122,0,002e,002d,002d,002e,1
123,123,0,0030,002f,002f,0030,1
124,124,0,0032,0031,0031,0032,1
125,125,0,0034,0033,0033,0034,1
126,126,0,0036,0035,0035,0036,1
127,127,0,0038,0037,0037,0038,1
128,128,0,003a,0039,0039,003a,1
129,129,0,003c,003b,003b,003c,1
130,130,0,003e,003d,003d,003e,1
131,131,0,0040,003f,003f,0040,1
132,132,0,0042,0041,0041,0042,1
133,133,0,0044,0043,0043,0044,1
134,134,0,0046,0045,0045,0046,1
135,135,0,0048,0047,0047,0048,1
136,136,0,004a,0049,0049,004a,1
137,137,0,004c,004b,004b,004c,1
138,138,0,004e,004d,004d,004e,1
139,139,0,0050,004f,004f,0050,1
140,140,0,0052,0051,0051,0052,1
141,141,0,0054,0053,0053,0054,1
142,142,0,0056,0055,0055,0056,1
143,143,0,0058,0057,0057,0058,1
144,144,0,005a,0059,0059,005a,1
145,145,0,005c,005b,005b,005c,1
146,146,0,005e,005d,005d,005e,1
147,147,0,0060,005f,005f,0060,1
148,148,0,0062,0061,0061,0062,1
149,149,0,0064,0063,0063,0064,1
150,150,0,0066,0065,0065,0066,1
151,151,0,0068,0067,0067,0068,1
152,152,0,006a,0069,0069,006a,1
153,153,0,006c,006b,006b,006c,1
154,154,0,006e,006d,006d,006e,1
155,155,0,0070,006f,006f,0070,1
156,156,0,0072,0071,0071,0072,1
157,157,0,0074,0073,0073,0074,1
158,158,0,0076,0075,0075,0076,1
159,159,0,0078,0077,0077,0078,1
160,160,0,007a,0079,0079,007a,1
161,161,0,007c,007b,007b,007c,1
162,162,0,007e,007d,007d,007e,1
163,163,0,0080,007f,007f,0080,1
164,164,0,0082,0081,0081,0082,1
165,165,0,0084,0083,0083,0084,1
166,166,0,0086,0085,0085,0086,1
167,167,0,0088,0087,0087,0088,1
168,168,0,008a,0089,0089,008a,1
169,169,0,008c,008b,008b,008c,1
170,170,0,008e,008d,008d,008e,1
171,171,0,0090,008f,008f,0090,1
172,172,0,0092,0091,0091,0092,1
173,173,0,0094,0093,0093,0094,1
174,174,0,0096,0095,0095,0096,1
175,175,0,0098,0097,0097,0098,1
176,176,0,009a,0099,0099,009a,1
177,177,0,009c,009b,009b,009c,1
178,178,0,009e,009d,009d,009e,1
179,179,0,00a0,009f,009f,00a0,1
180,180,0,00a2,00a1,00a1,00a2,1
181,181,0,00a4,00a3,00a3,00a4,1
182,182,0,00a6,00a5,00a5,00a6,1
183,183,0,00a8,00a7,00a7,00a8,1
184,184,0,00aa,00a9,00a9,00aa,1
185,185,0,00ac,00ab,00ab,00ac,1
186,186,0,00ae,00ad,00ad,00ae,1
187,187,0,00b0,00af,00af,00b0,1
188,188,0,00b2,00b1,00b1,00b2,1
189,189,0,00b4,00b3,00b3,00b4,1
190,190,0,00b6,00b5,00b5,00b6,1
191,191,0,00b8,00b7,00b7,00b8,1
192,192,0,00ba,00b9,00b9,00ba,1
193,193,0,00bc,00bb,00bb,00bc,1
194,194,0,00be,00bd,00bd,00be,1
195,195,0,00c0,00bf,00bf,00c0,1
196,196,0,00c2,00c1,00c1,00c2,1
197,197,0,00c4,00c3,00c3,00c4,1
198,198,0,00c6,00c5,00c5,00c6,1
199,199,0,00c8,00c7,00c7,00c8,1
200,200,0,00ca,00c9,00c9,00ca,1
201,201,0,00cc,00cb,00cb,00cc,1
202,202,0,00ce,00cd,00cd,00ce,1
203,203,0,00d0,00cf,00cf,00d0,1
204,204,0,00d2,00d1,00d1,00d2,1
205,205,0,00d4,00d3,00d3,00d4,1
206,206,0,00d6,00d5,00d5,00d6,1
207,207,0,00d8,00d7,00d7,00d8,1
208,208,0,00da,00d9,00d9,00da,1
209,209,0,00dc,00db,00db,00dc,1
210,210,0,00de,00dd,00dd,00de,1
211,211,0,00e0,00df,00df,00e0,1
212,212,0,00e2,00e1,00e1,00e2,1
213,213,0,00e4,00e3,00e3,00e4,1
214,214,0,00e6,00e5,00e5,00e6,1
215,215,0,00e8,00e7,00e7,00e8,1
216,216,0,00ea,00e9,00e9,00ea,1
217,217,0,00ec,00eb,00eb,00ec,1
218,218,0,00ee,00ed,00ed,00ee,1
219,219,0,00f0,00ef,00ef,00f0,1
220,220,0,00f2,00f1,00f1,00f2,1
221,221,0,00f4,00f3,00f3,00f4,1
222,222,0,00f6,00f5,00f5,00f6,1
223,223,0,00f8,00f7,00f7,00f8,1
224,224,0,00fa,00f9,00f9,00fa,1
225,225,0,00fc,00fb,00fb,00fc,1
226,226,0,00fe,00fd,00fd,00fe,1
227,227,0,0000,00ff,00ff,0000,1
228,228,0,0000,00ff,00ff,0000,1
229,229,0,0000,00ff,00ff,0000,1
230,230,0,0000,00ff,00ff,0000,1
231,231,0,0000,00ff,00ff,0000,1
232,232,0,0000,00ff,00ff,0000,1
233,233,0,0000,00ff,00ff,0000,1
234,234,0,0000,00ff,00ff,0000,1
235,235,0,0000,00ff,00ff,0000,1
236,236,0,0000,00ff,00ff,0000,1
237,237,0,0000,00ff,00ff,0000,1
238,238,0,0000,00ff,00ff,0000,1
239,239,0,0000,00ff,00ff,0000,1
240,240,0,0000,00ff,00ff,0000,1
241,241,0,0000,00ff,00ff,0000,1
242,242,0,0000,00ff,00ff,0000,1
243,243,0,0000,00ff,00ff,0000,1
244,244,0,0000,00ff,00ff,0000,1
245,245,0,0000,00ff,00ff,0000,1
246,246,0,0000,00ff,00ff,0000,1
247,247,0,0000,00ff,00ff,0000,1
248,248,0,0000,00ff,00ff,0000,1
249,249,0,0000,00ff,00ff,0000,1
250,250,0,0000,00ff,00ff,0000,1
251,251,0,0000,00ff,00ff,0000,1
252,252,0,0000,00ff,00ff,0000,1
253,253,0,0000,00ff,00ff,0000,1
254,254,0,0000,00ff,00ff,0000,1
255,255,0,0000,00ff,00ff,0000,1
256,256,0,0000,00ff,00ff,0000,1
257,257,0,0000,00ff,00ff,0000,1
258,258,0,0000,00ff,00ff,0000,1
259,259,0,0000,00ff,00ff,0000,1
260,260,0,0000,00ff,00ff,0000,1
261,261,0,0000,00ff,00ff,0000,1
262,262,0,0000,00ff,00ff,0000,1
263,263,0,0000,00ff,00ff,0000,1
264,264,0,0000,00ff,00ff,0000,1
265,265,0,0000,00ff,00ff,0000,1
266,266,0,0000,00ff,00ff,0000,1
267,267,0,0000,00ff,00ff,0000,1
268,268,0,0000,00ff,00ff,0000,1
269,269,0,0000,00ff,00ff,0000,1
270,270,0,0000,00ff,00ff,0000,1
271,271,0,0000,00ff,00ff,0000,1
272,272,0,0000,00ff,00ff,0000,1
273,273,0,0000,00ff,00ff,0000,1
274,274,0,0000,00ff,00ff,0000,1
275,275,0,0000,00ff,00ff,0000,1
276,276,0,0102,0101,0101,0102,1
277,277,0,0104,0103,0103,0104,1
278,278,0,0106,0105,0105,0106,1
279,279,0,0108,0107,0107,0108,1
280,280,0,010a,0109,0109,010a,1
281,281,0,010c,010b,010b,010c,1
282,282,0,010e,010d,010d,010e,1
283,283,0,0110,010f,010f,0110,1
284,284,0,0112,0111,0111,0112,1
285,285,0,0114,0113,0113,0114,1
286,286,0,0116,0115,0115,0116,1
287,287,0,0118,0117,0117,0118,1
288,288,0,011a,0119,0119,011a,1
289,289,0,011c,011b,011b,011c,1
290,290,0,011e,011d,011d,011e,1
291,291,0,0120,011f,011f,0120,1
292,292,0,0122,0121,0121,0122,1
293,293,0,0124,0123,0123,0124,1
294,294,0,0126,0125,0125,0126,1
295,295,0,0128,0127,0127,0128,1
296,296,0,012a,0129,0129,012a,1
297,297,0,012c,012b,012b,012c,1
298,298,0,012e,012d,012d,012e,1
299,299,0,0130,012f,012f,0130,1
300,300,0,0132,0131,0131,0132,1
301,301,0,0134,0133,0133,0134,1
302,302,0,0136,0135,0135,0136,1
303,303,0,0138,0137,0137,0138,1
304,304,0,013a,0139,0139,013a,1
305,305,0,013c,013b,013b,013c,1
306,306,0,013e,013d,013d,013e,1
307,307,0,0140,013f,013f,0140,1
308,308,0,0142,0141,0141,0142,1
309,309,0,0144,0143,0143,0144,1
310,310,0,0146,0145,0145,0146,1
311,311,0,0148,0147,0147,0148,1
312,312,0,014a,0149,0149,014a,1
313,313,0,014c,014b,014b,014c,1
314,314,0,014e,014d,014d,014e,1
315,315,0,0150,014f,014f,0150,1
316,316,0,0152,0151,0151,0152,1
317,317,0,0154,0153,0153,0154,1
318,318,0,0156,0155,0155,0156,1
319,319,0,0158,0157,0157,0158,1
320,320,0,015a,0159,0159,015a,1
321,321,0,015c,015b,015b,015c,1
322,322,0,015e,015d,015d,015e,1
323,323,0,0160,015f,015f,0160,1
324,324,0,0162,0161,0161,0162,1
325,325,0,0164,0163,0163,0164,1
326,326,0,0166,0165,0165,0166,1
327,327,0,0168,0167,0167,0168,1
328,328,0,016a,0169,0169,016a,1
329,329,0,016c,016b,016b,016c,1
330,330,0,016e,016d,016d,016e,1
331,331,0,0170,016f,016f,0170,1
332,332,0,0172,0171,0171,0172,1
333,333,0,0174,0173,0173,0174,1
334,334,0,0176,0175,0175,0176,1
335,335,0,0178,0177,0177,0178,1
336,336,0,017a,0179,0179,017a,1
337,337,0,017c,017b,017b,017c,1
338,338,0,017e,017d,017d,017e,1
339,339,0,0180,017f,017f,0180,1
340,340,0,0182,0181,0181,0182,1
341,341,0,0184,0183,0183,0184,1
342,342,0,0186,0185,0185,0186,1
343,343,0,0188,0187,0187,0188,1
344,344,0,018a,0189,0189,018a,1
345,345,0,018c,018b,018b,018c,1
346,346,0,018e,018d,018d,018e,1
347,347,0,0190,018f,018f,0190,1
348,348,0,0192,0191,0191,0192,1
349,349,0,0194,0193,0193,0194,1
350,350,0,0196,0195,0195,0196,1
351,351,0,0198,0197,0197,0198,1
352,352,0,019a,0199,0199,019a,1
353,353,0,019c,019b,019b,019c,1
354,354,0,019e,019d,019d,019e,1
355,355,0,01a0,019f,019f,01a0,1
356,356,0,01a2,01a1,01a1,01a2,1
357,357,0,01a4,01a3,01a3,01a4,1
358,358,0,01a6,01a5,01a5,01a6,1
359,359,0,01a8,01a7,01a7,01a8,1
360,360,0,01aa,01a9,01a9,01aa,1
361,361,0,01ac,01ab,01ab,01ac,1
362,362,0,01ae,01ad,01ad,01ae,1
363,363,0,01b0,01af,01af,01b0,1
364,364,0,01b2,01b1,01b1,01b2,1
365,365,0,01b4,01b3,01b3,01b4,1
366,366,0,01b6,01b5,01b5,01b6,1
367,367,0,01b8,01b7,01b7,01b8,1
368,368,0,01ba,01b9,01b9,01ba,1
369,369,0,01bc,01bb,01bb,01bc,1
370,370,0,01be,01bd,01bd,01be,1
371,371,0,01c0,01bf,01bf,01c0,1
372,372,0,01c2,01c1,01c1,01c2,1
373,373,0,01c4,01c3,01c3,01c4,1
374,374,0,01c6,01c5,01c5,01c6,1
375,375,0,01c8,01c7,01c7,01c8,1
376,376,0,01ca,01c9,01c9,01ca,1
377,377,0,01cc,01cb,01cb,01cc,1
378,378,0,01ce,01cd,01cd,01ce,1
379,379,0,01d0,01cf,01cf,01d0,1
380,380,0,01d2,01d1,01d1,01d2,1
381,381,0,01d4,01d3,01d3,01d4,1
382,382,0,01d6,01d5,01d5,01d6,1
383,383,0,01d8,01d7,01d7,01d8,1
384,384,0,01da,01d9,01d9,01da,1
385,385,0,01dc,01db,01db,01dc,1
386,386,0,01de,01dd,01dd,01de,1
387,387,0,01e0,01df,01df,01e0,1
388,388,0,01e2,01e1,01e1,01e2,1
389,389,0,01e4,01e3,01e3,01e4,1
390,390,0,01e6,01e5,01e5,01e6,1
391,391,0,01e8,01e7,01e7,01e8,1
392,392,0,01ea,01e9,01e9,01ea,1
393,393,0,01ec,01eb,01eb,01ec,1
394,394,0,01ee,01ed,01ed,01ee,1
395,395,0,01f0,01ef,01ef,01f0,1
396,396,0,01f2,01f1,01f1,01f2,1
397,397,0,01f4,01f3,01f3,01f4,1
398,398,0,01f6,01f5,01f5,01f6,1
399,399,0,01f8,01f7,01f7,01f8,1
400,400,0,01fa,01f9,01f9,01fa,1
401,401,0,01fc,01fb,01fb,01fc,1
402,402,0,01fe,01fd,01fd,01fe,1
403,403,0,0200,01ff,01ff,0200,1
404,404,0,0202,0201,0201,0202,1
405,405,0,0204,0203,0203,0204,1
406,406,0,0206,0205,0205,0206,1
407,407,0,0208,0207,0207,0208,1
408,408,0,020a,0209,0209,020a,1
409,409,0,020c,020b,020b,020c,1
410,410,0,020e,020d,020d,020e,1
411,411,0,0210,020f,020f,0210,1
412,412,0,0212,0211,0211,0212,1
413,413,0,0214,0213,0213,0214,1
414,414,0,0216,0215,0215,0216,1
415,415,0,0218,0217,0217,0218,1
416,416,0,021a,0219,0219,021a,1
417,417,0,021c,021b,021b,021c,1
418,418,0,021e,021d,021d,021e,1
419,419,0,0220,021f,021f,0220,1
420,420,0,0222,0221,0221,0222,1
421,421,0,0224,0223,0223,0224,1
422,422,0,0226,0225,0225,0226,1
423,423,0,0228,0227,0227,0228,1
424,424,0,022a,0229,0229,022a,1
425,425,0,022c,022b,022b,022c,1
426,426,0,022e,022d,022d,022e,1
427,427,0,0230,022f,022f,0230,1
428,428,0,0232,0231,0231,0232,1
429,429,0,0234,0233,0233,0234,1
430,430,0,0236,0235,0235,0236,1
431,431,0,0238,0237,0237,0238,1
432,432,0,023a,0239,0239,023a,1
433,433,0,023c,023b,023b,023c,1
434,434,0,023e,023d,023d,023e,1
435,435,0,0240,023f,023f,0240,1
436,436,0,0242,0241,0241,0242,1
437,437,0,0244,0243,0243,0244,1
438,438,0,0246,0245,0245,0246,1
439,439,0,0248,0247,0247,0248,1
440,440,0,024a,0249,0249,024a,1
441,441,0,024c,024b,024b,024c,1
442,442,0,024e,024d,024d,024e,1
443,443,0,0250,024f,024f,0250,1
444,444,0,0252,0251,0251,0252,1
445,445,0,0254,0253,0253,0254,1
446,446,0,0256,0255,0255,0256,1
447,447,0,0258,0257,0257,0258,1
448,448,0,025a,0259,0259,025a,1
449,449,0,025c,025b,025b,025c,1
450,450,0,025e,025d,025d,025e,1
451,451,0,0260,025f,025f,0260,1
452,452,0,0262,0261,0261,0262,1
453,453,0,0264,0263,0263,0264,1
454,454,0,0266,0265,0265,0266,1
455,455,0,0268,0267,0267,0268,1
456,456,0,026a,0269,0269,026a,1
457,457,0,026c,026b,026b,026c,1
458,458,0,026e,026d,026d,026e,1
459,459,0,0270,026f,026f,0270,1
460,460,0,0272,0271,0271,0272,1
461,461,0,0274,0273,0273,0274,1
462,462,0,0276,0275,0275,0276,1
463,463,0,0278,0277,0277,0278,1
464,464,0,027a,0279,0279,027a,1
465,465,0,027c,027b,027b,027c,1
466,466,0,027e,027d,027d,027e,1
467,467,0,0280,027f,027f,0280,1
468,468,0,0282,0281,0281,0282,1
469,469,0,0284,0283,0283,0284,1
470,470,0,0286,0285,0285,0286,1
471,471,0,0288,0287,0287,0288,1
472,472,0,028a,0289,0289,028a,1
473,473,0,028c,028b,028b,028c,1
474,474,0,028e,028d,028d,028e,1
475,475,0,0290,028f,028f,0290,1
476,476,0,0292,0291,0291,0292,1
477,477,0,0294,0293,0293,0294,1
478,478,0,0296,0295,0295,0296,1
479,479,0,0298,0297,0297,0298,1
480,480,0,029a,0299,0299,029a,1
481,481,0,029c,029b,029b,029c,1
482,482,0,029e,029d,029d,029e,1
483,483,0,02a0,029f,029f,02a0,1
484,484,0,02a2,02a1,02a1,02a2,1
485,485,0,02a4,02a3,02a3,02a4,1
486,486,0,02a6,02a5,02a5,02a6,1
487,487,0,02a8,02a7,02a7,02a8,1
488,488,0,02aa,02a9,02a9,02aa,1
489,489,0,02ac,02ab,02ab,02ac,1
490,490,0,02ae,02ad,02ad,02ae,1
491,491,0,02b0,02af,02af,02b0,1
492,492,0,02b2,02b1,02b1,02b2,1
493,493,0,02b4,02b3,02b3,02b4,1
494,494,0,02b6,02b5,02b5,02b6,1
495,495,0,02b8,02b7,02b7,02b8,1
496,496,0,02ba,02b9,02b9,02ba,1
497,497,0,02bc,02bb,02bb,02bc,1
498,498,0,02be,02bd,02bd,02be,1
499,499,0,02c0,02bf,02bf,02c0,1
500,500,0,02c2,02c1,02c1,02c2,1
501,501,0,02c4,02c3,02c3,02c4,1
502,502,0,02c6,02c5,02c5,02c6,1
503,503,0,02c8,02c7,02c7,02c8,1
504,504,0,02ca,02c9,02c9,02ca,1
505,505,0,02cc,02cb,02cb,02cc,1
506,506,0,02ce,02cd,02cd,02ce,1
507,507,0,02d0,02cf,02cf,02d0,1
508,508,0,02d2,02d1,02d1,02d2,1
509,509,0,02d4,02d3,02d3,02d4,1
510,510,0,02d6,02d5,02d5,02d6,1
511,511,0,02d8,02d7,02d7,02d8,1
512,512,0,02da,02d9,02d9,02da,1
513,513,0,02dc,02db,02db,02dc,1
514,514,0,02de,02dd,02dd,02de,1
515,515,0,02e0,02df,02df,02e0,1
516,516,0,02e2,02e1,02e1,02e2,1
517,517,0,02e4,02e3,02e3,02e4,1
518,518,0,02e6,02e5,02e5,02e6,1
519,519,0,02e8,02e7,02e7,02e8,1
520,520,0,02ea,02e9,02e9,02ea,1
521,521,0,02ec,02eb,02eb,02ec,1
522,522,0,02ee,02ed,02ed,02ee,1
523,523,0,02f0,02ef,02ef,02f0,1
524,524,0,02f2,02f1,02f1,02f2,1
525,525,0,02f4,02f3,02f3,02f4,1
526,526,0,02f6,02f5,02f5,02f6,1
527,527,0,02f8,02f7,02f7,02f8,1
528,528,0,02fa,02f9,02f9,02fa,1
529,529,0,02fc,02fb,02fb,02fc,1
530,530,0,02fe,02fd,02fd,02fe,1
531,531,0,0300,02ff,02ff,0300,1
532,532,0,0302,0301,0301,0302,1
533,533,0,0304,0303,0303,0304,1
534,534,0,0306,0305,0305,0306,1
535,535,0,0308,0307,0307,0308,1
536,536,0,030a,0309,0309,030a,1
537,537,0,030c,030b,030b,030c,1
538,538,0,030e,030d,030d,030e,1
539,539,0,0310,030f,030f,0310,1
540,540,0,0312,0311,0311,0312,1
541,541,0,0314,0313,0313,0314,1
542,542,0,0316,0315,0315,0316,1
543,543,0,0318,0317,0317,0318,1
544,544,0,031a,0319,0319,031a,1
545,545,0,031c,031b,031b,031c,1
546,546,0,031e,031d,031d,031e,1
547,547,0,0320,031f,031f,0320,1
548,548,0,0322,0321,0321,0322,1
549,549,0,0324,0323,0323,0324,1
550,550,0,0326,0325,0325,0326,1
551,551,0,0328,0327,0327,0328,1
552,552,0,032a,0329,0329,032a,1
553,553,0,032c,032b,032b,032c,1
554,554,0,032e,032d,032d,032e,1
555,555,0,0330,032f,032f,0330,1
556,556,0,0332,0331,0331,0332,1
557,557,0,0334,0333,0333,0334,1
558,558,0,0336,0335,0335,0336,1
559,559,0,0338,0337,0337,0338,1
560,560,0,033a,0339,0339,033a,1
561,561,0,033c,033b,033b,033c,1
562,562,0,033e,033d,033d,033e,1
563,563,0,0340,033f,033f,0340,1
564,564,0,0342,0341,0341,0342,1
565,565,0,0344,0343,0343,0344,1
566,566,0,0346,0345,0345,0346,1
567,567,0,0348,0347,0347,0348,1
568,568,0,034a,0349,0349,034a,1
569,569,0,034c,034b,034b,034c,1
570,570,0,034e,034d,034d,034e,1
571,571,0,0350,034f,034f,0350,1
572,572,0,0352,0351,0351,0352,1
573,573,0,0354,0353,0353,0354,1
574,574,0,0356,0355,0355,0356,1
575,575,0,0358,0357,0357,0358,1
576,576,0,035a,0359,0359,035a,1
577,577,0,035c,035b,035b,035c,1
578,578,0,035e,035d,035d,035e,1
579,579,0,0360,035f,035f,0360,1
580,580,0,0362,0361,0361,0362,1
581,581,0,0364,0363,0363,0364,1
582,582,0,0366,0365,0365,0366,1
583,583,0,0368,0367,0367,0368,1
584,584,0,036a,0369,0369,036a,1
585,585,0,036c,036b,036b,036c,1
586,586,0,036e,036d,036d,036e,1
587,587,0,0370,036f,036f,0370,1
588,588,0,0372,0371,0371,0372,1
589,589,0,0374,0373,0373,0374,1
590,590,0,0376,0375,0375,0376,1
591,591,0,0378,0377,0377,0378,1
592,592,0,037a,0379,0379,037a,1
593,593,0,037c,037b,037b,037c,1
594,594,0,037e,037d,037d,037e,1
595,595,0,0380,037f,037f,0380,1
596,596,0,0382,0381,0381,0382,1
597,597,0,0384,0383,0383,0384,1
598,598,0,0386,0385,0385,0386,1
599,599,0,0388,0387,0387,0388,1
600,600,0,038a,0389,0389,038a,1
601,601,0,038c,038b,038b,038c,1
602,602,0,038e,038d,038d,038e,1
603,603,0,0390,038f,038f,0390,1
604,604,0,0392,0391,0391,0392,1
605,605,0,0394,0393,0393,0394,1
606,606,0,0396,0395,0395,0396,1
607,607,0,0398,0397,0397,0398,1
608,608,0,039a,0399,0399,039a,1
609,609,0,039c,039b,039b,039c,1
610,610,0,039e,039d,039d,039e,1
611,611,0,03a0,039f,039f,03a0,1
612,612,0,03a2,03a1,03a1,03a2,1
613,613,0,03a4,03a3,03a3,03a4,1
614,614,0,03a6,03a5,03a5,03a6,1
615,615,0,03a8,03a7,03a7,03a8,1
616,616,0,03aa,03a9,03a9,03aa,1
617,617,0,03ac,03ab,03ab,03ac,1
618,618,0,03ae,03ad,03ad,03ae,1
619,619,0,03b0,03af,03af,03b0,1
620,620,0,03b2,03b1,03b1,03b2,1
621,621,0,03b4,03b3,03b3,03b4,1
622,622,0,03b6,03b5,03b5,03b6,1
623,623,0,03b8,03b7,03b7,03b8,1
624,624,0,03ba,03b9,03b9,03ba,1
625,625,0,03bc,03bb,03bb,03bc,1
626,626,0,03be,03bd,03bd,03be,1
627,627,0,03c0,03bf,03bf,03c0,1
628,628,0,03c2,03c1,03c1,03c2,1
629,629,0,03c4,03c3,03c3,03c4,1
630,630,0,03c6,03c5,03c5,03c6,1
631,631,0,03c8,03c7,03c7,03c8,1
632,632,0,03ca,03c9,03c9,03ca,1
633,633,0,03cc,03cb,03cb,03cc,1
634,634,0,03ce,03cd,03cd,03ce,1
635,635,0,03d0,03cf,03cf,03d0,1
636,636,0,03d2,03d1,03d1,03d2,1
637,637,0,03d4,03d3,03d3,03d4,1
638,638,0,03d6,03d5,03d5,03d6,1
639,639,0,03d8,03d7,03d7,03d8,1
640,640,0,03da,03d9,03d9,03da,1
641,641,0,03dc,03db,03db,03dc,1
642,642,0,03de,03dd,03dd,03de,1
643,643,0,03e0,03df,03df,03e0,1
644,644,0,03e2,03e1,03e1,03e2,1
645,645,0,03e4,03e3,03e3,03e4,1
646,646,0,03e6,03e5,03e5,03e6,1
647,647,0,03e8,03e7,03e7,03e8,1
648,648,0,03ea,03e9,03e9,03ea,1
649,649,0,03ec,03eb,03eb,03ec,1
650,650,0,03ee,03ed,03ed,03ee,1
651,651,0,03f0,03ef,03ef,03f0,1
652,652,0,03f2,03f1,03f1,03f2,1
653,653,0,03f4,03f3,03f3,03f4,1
654,654,0,03f6,03f5,03f5,03f6,1
655,655,0,03f8,03f7,03f7,03f8,1
656,656,0,03fa,03f9,03f9,03fa,1
657,657,0,03fc,03fb,03fb,03fc,1
658,658,0,03fe,03fd,03fd,03fe,1
659,659,0,0000,03ff,03ff,0000,1
660,660,0,0000,03ff,03ff,0000,1
661,661,0,0000,03ff,03ff,0000,1
662,662,0,0000,03ff,03ff,0000,1
663,663,0,0000,03ff,03ff,0000,1
664,664,0,0000,03ff,03ff,0000,1
665,665,0,0000,03ff,03ff,0000,1
666,666,0,0000,03ff,03ff,0000,1
667,667,0,0000,03ff,03ff,0000,1
668,668,0,0000,03ff,03ff,0000,1
669,669,0,0000,03ff,03ff,0000,1
670,670,0,0000,03ff,03ff,0000,1
671,671,0,0000,03ff,03ff,0000,1
672,672,0,0000,03ff,03ff,0000,1
673,673,0,0000,03ff,03ff,0000,1
674,674,0,0000,03ff,03ff,0000,1
675,675,0,0000,03ff,03ff,0000,1
676,676,0,0000,03ff,03ff,0000,1
677,677,0,0000,03ff,03ff,0000,1
678,678,0,0000,03ff,03ff,0000,1
679,679,0,0000,03ff,03ff,0000,1
680,680,0,0000,03ff,03ff,0000,1
681,681,0,0000,03ff,03ff,0000,1
682,682,0,0000,03ff,03ff,0000,1
683,683,0,0000,03ff,03ff,0000,1
684,684,0,0000,03ff,03ff,0000,1
685,685,0,0000,03ff,03ff,0000,1
686,686,0,0000,03ff,03ff,0000,1
687,687,0,0000,03ff,03ff,0000,1
688,688,0,0000,03ff,03ff,0000,1
689,689,0,0000,03ff,03ff,0000,1
690,690,0,0000,03ff,03ff,0000,1
691,691,0,0000,03ff,03ff,0000,1
692,692,0,0000,03ff,03ff,0000,1
693,693,0,0000,03ff,03ff,0000,1
694,694,0,0000,03ff,03ff,0000,1
695,695,0,0000,03ff,03ff,0000,1
696,696,0,0000,03ff,03ff,0000,1
697,697,0,0000,03ff,03ff,0000,1
698,698,0,0000,03ff,03ff,0000,1
699,699,0,0000,03ff,03ff,0000,1
700,700,0,0000,03ff,03ff,0000,1
701,701,0,0000,03ff,03ff,0000,1
702,702,0,0000,03ff,03ff,0000,1
703,703,0,0000,03ff,03ff,0000,1
704,704,0,0000,03ff,03ff,0000,1
705,705,0,0000,03ff,03ff,0000,1
706,706,0,0000,03ff,03ff,0000,1
707,707,0,0000,03ff,03ff,0000,1
708,708,0,0000,03ff,03ff,0000,1
709,709,0,0000,03ff,03ff,0000,1
710,710,0,0000,03ff,03ff,0000,1
711,711,0,0000,03ff,03ff,0000,1
712,712,0,0000,03ff,03ff,0000,1
713,713,0,0000,03ff,03ff,0000,1
714,714,0,0000,03ff,03ff,0000,1
715,715,0,0000,03ff,03ff,0000,1
716,716,0,0000,03ff,03ff,0000,1
717,717,0,0000,03ff,03ff,0000,1
718,718,0,0000,03ff,03ff,0000,1
719,719,0,0000,03ff,03ff,0000,1
720,720,0,0000,03ff,03ff,0000,1
721,721,0,0000,03ff,03ff,0000,1
722,722,0,0000,03ff,03ff,0000,1
723,723,0,0000,03ff,03ff,0000,1
724,724,0,0000,03ff,03ff,0000,1
725,725,0,0000,03ff,03ff,0000,1
726,726,0,0000,03ff,03ff,0000,1
727,727,0,0000,03ff,03ff,0000,1
728,728,0,0000,03ff,03ff,0000,1
729,729,0,0000,03ff,03ff,0000,1
730,730,0,0000,03ff,03ff,0000,1
731,731,0,0000,03ff,03ff,0000,1
732,732,0,0000,03ff,03ff,0000,1
733,733,0,0000,03ff,03ff,0000,1
734,734,0,0000,03ff,03ff,0000,1
735,735,0,0000,03ff,03ff,0000,1
736,736,0,0000,03ff,03ff,0000,1
737,737,0,0000,03ff,03ff,0000,1
738,738,0,0000,03ff,03ff,0000,1
739,739,0,0000,03ff,03ff,0000,1
740,740,0,0000,03ff,03ff,0000,1
741,741,0,0000,03ff,03ff,0000,1
742,742,0,0000,03ff,03ff,0000,1
743,743,0,0000,03ff,03ff,0000,1
744,744,0,0000,03ff,03ff,0000,1
745,745,0,0000,03ff,03ff,0000,1
746,746,0,0000,03ff,03ff,0000,1
747,747,0,0000,03ff,03ff,0000,1
748,748,0,0000,03ff,03ff,0000,1
749,749,0,0000,03ff,03ff,0000,1
750,750,0,0000,03ff,03ff,0000,1
751,751,0,0000,03ff,03ff,0000,1
752,752,0,0000,03ff,03ff,0000,1
753,753,0,0000,03ff,03ff,0000,1
754,754,0,0000,03ff,03ff,0000,1
755,755,0,0000,03ff,03ff,0000,1
756,756,0,0000,03ff,03ff,0000,1
757,757,0,0000,03ff,03ff,0000,1
758,758,0,0000,03ff,03ff,0000,1
759,759,0,0000,03ff,03ff,0000,1
760,760,0,0000,03ff,03ff,0000,1
761,761,0,0000,03ff,03ff,0000,1
762,762,0,0000,03ff,03ff,0000,1
763,763,0,0000,03ff,03ff,0000,1
764,764,0,0000,03ff,03ff,0000,1
765,765,0,0000,03ff,03ff,0000,1
766,766,0,0000,03ff,03ff,0000,1
767,767,0,0000,03ff,03ff,0000,1
768,768,0,0000,03ff,03ff,0000,1
769,769,0,0000,03ff,03ff,0000,1
770,770,0,0000,03ff,03ff,0000,1
771,771,0,0000,03ff,03ff,0000,1
772,772,0,0000,03ff,03ff,0000,1
773,773,0,0000,03ff,03ff,0000,1
774,774,0,0000,03ff,03ff,0000,1
775,775,0,0000,03ff,03ff,0000,1
776,776,0,0000,03ff,03ff,0000,1
777,777,0,0000,03ff,03ff,0000,1
778,778,0,0000,03ff,03ff,0000,1
779,779,0,0000,03ff,03ff,0000,1
780,780,0,0000,03ff,03ff,0000,1
781,781,0,0000,03ff,03ff,0000,1
782,782,0,0000,03ff,03ff,0000,1
783,783,0,0000,03ff,03ff,0000,1
784,784,0,0000,03ff,03ff,0000,1
785,785,0,0000,03ff,03ff,0000,1
786,786,0,0000,03ff,03ff,0000,1
787,787,0,0000,03ff,03ff,0000,1
788,788,0,0000,03ff,03ff,0000,1
789,789,0,0000,03ff,03ff,0000,1
790,790,0,0000,03ff,03ff,0000,1
791,791,0,0000,03ff,03ff,0000,1
792,792,0,0000,03ff,03ff,0000,1
793,793,0,0000,03ff,03ff,0000,1
794,794,0,0000,03ff,03ff,0000,1
795,795,0,0000,03ff,03ff,0000,1
796,796,0,0000,03ff,03ff,0000,1
797,797,0,0000,03ff,03ff,0000,1
798,798,0,0000,03ff,03ff,0000,1
799,799,0,0000,03ff,03ff,0000,1
800,800,0,0000,03ff,03ff,0000,1
801,801,0,0000,03ff,03ff,0000,1
802,802,0,0000,03ff,03ff,0000,1
803,803,0,0000,03ff,03ff,0000,1
804,804,0,0000,03ff,03ff,0000,1
805,805,0,0000,03ff,03ff,0000,1
806,806,0,0000,03ff,03ff,0000,1
807,807,0,0000,03ff,03ff,0000,1
808,808,0,0000,03ff,03ff,0000,1
809,809,0,0000,03ff,03ff,0000,1
810,810,0,0000,03ff,03ff,0000,1
811,811,0,0000,03ff,03ff,0000,1
812,812,0,0000,03ff,03ff,0000,1
813,813,0,0000,03ff,03ff,0000,1
814,814,0,0000,03ff,03ff,0000,1
815,815,0,0000,03ff,03ff,0000,1
816,816,0,0000,03ff,03ff,0000,1
817,817,0,0000,03ff,03ff,0000,1
818,818,0,0000,03ff,03ff,0000,1
819,819,0,0000,03ff,03ff,0000,1
820,820,0,0000,03ff,03ff,0000,1
821,821,0,0000,03ff,03ff,0000,1
822,822,0,0000,03ff,03ff,0000,1
823,823,0,0000,03ff,03ff,0000,1
824,824,0,0000,03ff,03ff,0000,1
825,825,0,0000,03ff,03ff,0000,1
826,826,0,0000,03ff,03ff,0000,1
827,827,0,0000,03ff,03ff,0000,1
828,828,0,0000,03ff,03ff,0000,1
829,829,0,0000,03ff,03ff,0000,1
830,830,0,0000,03ff,03ff,0000,1
831,831,0,0000,03ff,03ff,0000,1
832,832,0,0000,03ff,03ff,0000,1
833,833,0,0000,03ff,03ff,0000,1
834,834,0,0000,03ff,03ff,0000,1
835,835,0,0000,03ff,03ff,0000,1
836,836,0,0000,03ff,03ff,0000,1
837,837,0,0000,03ff,03ff,0000,1
838,838,0,0000,03ff,03ff,0000,1
839,839,0,0000,03ff,03ff,0000,1
840,840,0,0000,03ff,03ff,0000,1
841,841,0,0000,03ff,03ff,0000,1
842,842,0,0000,03ff,03ff,0000,1
843,843,0,0000,03ff,03ff,0000,1
844,844,0,0000,03ff,03ff,0000,1
845,845,0,0000,03ff,03ff,0000,1
846,846,0,0000,03ff,03ff,0000,1
847,847,0,0000,03ff,03ff,0000,1
848,848,0,0000,03ff,03ff,0000,1
849,849,0,0000,03ff,03ff,0000,1
850,850,0,0000,03ff,03ff,0000,1
851,851,0,0000,03ff,03ff,0000,1
852,852,0,0000,03ff,03ff,0000,1
853,853,0,0000,03ff,03ff,0000,1
854,854,0,0000,03ff,03ff,0000,1
855,855,0,0000,03ff,03ff,0000,1
856,856,0,0000,03ff,03ff,0000,1
857,857,0,0000,03ff,03ff,0000,1
858,858,0,0000,03ff,03ff,0000,1
859,859,0,0000,03ff,03ff,0000,1
860,860,0,0000,03ff,03ff,0000,1
861,861,0,0000,03ff,03ff,0000,1
862,862,0,0000,03ff,03ff,0000,1
863,863,0,0000,03ff,03ff,0000,1
864,864,0,0000,03ff,03ff,0000,1
865,865,0,0000,03ff,03ff,0000,1
866,866,0,0000,03ff,03ff,0000,1
867,867,0,0000,03ff,03ff,0000,1
868,868,0,0000,03ff,03ff,0000,1
869,869,0,0000,03ff,03ff,0000,1
870,870,0,0000,03ff,03ff,0000,1
871,871,0,0000,03ff,03ff,0000,1
872,872,0,0000,03ff,03ff,0000,1
873,873,0,0000,03ff,03ff,0000,1
874,874,0,0000,03ff,03ff,0000,1
875,875,0,0000,03ff,03ff,0000,1
876,876,0,0000,03ff,03ff,0000,1
877,877,0,0000,03ff,03ff,0000,1
878,878,0,0000,03ff,03ff,0000,1
879,879,0,0000,03ff,03ff,0000,1
880,880,0,0000,03ff,03ff,0000,1
881,881,0,0000,03ff,03ff,0000,1
882,882,0,0000,03ff,03ff,0000,1
883,883,0,0000,03ff,03ff,0000,1
884,884,0,0000,03ff,03ff,0000,1
885,885,0,0000,03ff,03ff,0000,1
886,886,0,0000,03ff,03ff,0000,1
887,887,0,0000,03ff,03ff,0000,1
888,888,0,0000,03ff,03ff,0000,1
889,889,0,0000,03ff,03ff,0000,1
890,890,0,0000,03ff,03ff,0000,1
891,891,0,0000,03ff,03ff,0000,1
892,892,0,0000,03ff,03ff,0000,1
893,893,0,0000,03ff,03ff,0000,1
894,894,0,0000,03ff,03ff,0000,1
895,895,0,0000,03ff,03ff,0000,1
896,896,0,0000,03ff,03ff,0000,1
897,897,0,0000,03ff,03ff,0000,1
898,898,0,0000,03ff,03ff,0000,1
899,899,0,0000,03ff,03ff,0000,1
900,900,0,0000,03ff,03ff,0000,1
901,901,0,0000,03ff,03ff,0000,1
902,902,0,0000,03ff,03ff,0000,1
903,903,0,0000,03ff,03ff,0000,1
904,904,0,0000,03ff,03ff,0000,1
905,905,0,0000,03ff,03ff,0000,1
906,906,0,0000,03ff,03ff,0000,1
907,907,0,0000,03ff,03ff,0000,1
908,908,0,0000,03ff,03ff,0000,1
909,909,0,0000,03ff,03ff,0000,1
910,910,0,0000,03ff,03ff,0000,1
911,911,0,0000,03ff,03ff,0000,1
912,912,0,0000,03ff,03ff,0000,1
913,913,0,0000,03ff,03ff,0000,1
914,914,0,0000,03ff,03ff,0000,1
915,915,0,0000,03ff,03ff,0000,1
916,916,0,0000,03ff,03ff,0000,1
917,917,0,0000,03ff,03ff,0000,1
918,918,0,0000,03ff,03ff,0000,1
919,919,0,0000,03ff,03ff,0000,1
920,920,0,0000,03ff,03ff,0000,1
921,921,0,0000,03ff,03ff,0000,1
922,922,0,0000,03ff,03ff,0000,1
923,923,0,0000,03ff,03ff,0000,1
924,924,0,0000,03ff,03ff,0000,1
925,925,0,0000,03ff,03ff,0000,1
926,926,0,0000,03ff,03ff,0000,1
927,927,0,0000,03ff,03ff,0000,1
928,928,0,0000,03ff,03ff,0000,1
929,929,0,0000,03ff,03ff,0000,1
930,930,0,0000,03ff,03ff,0000,1
931,931,0,0000,03ff,03ff,0000,1
932,932,0,0000,03ff,03ff,0000,1
933,933,0,0000,03ff,03ff,0000,1
934,934,0,0000,03ff,03ff,0000,1
935,935,0,0000,03ff,03ff,0000,1
936,936,0,0000,03ff,03ff,0000,1
937,937,0,0000,03ff,03ff,0000,1
938,938,0,0000,03ff,03ff,0000,1
939,939,0,0000,03ff,03ff,0000,1
940,940,0,0000,03ff,03ff,0000,1
941,941,0,0000,03ff,03ff,0000,1
942,942,0,0000,03ff,03ff,0000,1
943,943,0,0000,03ff,03ff,0000,1
944,944,0,0000,03ff,03ff,0000,1
945,945,0,0000,03ff,03ff,0000,1
946,946,0,0000,03ff,03ff,0000,1
947,947,0,0000,03ff,03ff,0000,1
948,948,0,0000,03ff,03ff,0000,1
949,949,0,0000,03ff,03ff,0000,1
950,950,0,0000,03ff,03ff,0000,1
951,951,0,0000,03ff,03ff,0000,1
952,952,0,0000,03ff,03ff,0000,1
953,953,0,0000,03ff,03ff,0000,1
954,954,0,0000,03ff,03ff,0000,1
955,955,0,0000,03ff,03ff,0000,1
956,956,0,0000,03ff,03ff,0000,1
957,957,0,0000,03ff,03ff,0000,1
958,958,0,0000,03ff,03ff,0000,1
959,959,0,0000,03ff,03ff,0000,1
960,960,0,0000,03ff,03ff,0000,1
961,961,0,0000,03ff,03ff,0000,1
962,962,0,0000,03ff,03ff,0000,1
963,963,0,0000,03ff,03ff,0000,1
964,964,0,0000,03ff,03ff,0000,1
965,965,0,0000,03ff,03ff,0000,1
966,966,0,0000,03ff,03ff,0000,1
967,967,0,0000,03ff,03ff,0000,1
968,968,0,0000,03ff,03ff,0000,1
969,969,0,0000,03ff,03ff,0000,1
970,970,0,0000,03ff,03ff,0000,1
971,971,0,0000,03ff,03ff,0000,1
972,972,0,0000,03ff,03ff,0000,1
973,973,0,0000,03ff,03ff,0000,1
974,974,0,0000,03ff,03ff,0000,1
975,975,0,0000,03ff,03ff,0000,1
976,976,0,0000,03ff,03ff,0000,1
977,977,0,0000,03ff,03ff,0000,1
978,978,0,0000,03ff,03ff,0000,1
979,979,0,0000,03ff,03ff,0000,1
980,980,0,0000,03ff,03ff,0000,1
981,981,0,0000,03ff,03ff,0000,1
982,982,0,0000,03ff,03ff,0000,1
983,983,0,0000,03ff,03ff,0000,1
984,984,0,0000,03ff,03ff,0000,1
985,985,0,0000,03ff,03ff,0000,1
986,986,0,0000,03ff,03ff,0000,1
987,987,0,0000,03ff,03ff,0000,1
988,988,0,0000,03ff,03ff,0000,1
989,989,0,0000,03ff,03ff,0000,1
990,990,0,0000,03ff,03ff,0000,1
991,991,0,0000,03ff,03ff,0000,1
992,992,0,0000,03ff,03ff,0000,1
993,993,0,0000,03ff,03ff,0000,1
994,994,0,0000,03ff,03ff,0000,1
995,995,0,0000,03ff,03ff,0000,1
996,996,0,0000,03ff,03ff,0000,1
997,997,0,0000,03ff,03ff,0000,1
998,998,0,0000,03ff,03ff,0000,1
999,999,0,0000,03ff,03ff,0000,1
1000,1000,0,0000,03ff,03ff,0000,1
1001,1001,0,0000,03ff,03ff,0000,1
1002,1002,0,0000,03ff,03ff,0000,1
1003,1003,0,0000,03ff,03ff,0000,1
1004,1004,0,0000,03ff,03ff,0000,1
1005,1005,0,0000,03ff,03ff,0000,1
1006,1006,0,0000,03ff,03ff,0000,1
1007,1007,0,0000,03ff,03ff,0000,1
1008,1008,0,0000,03ff,03ff,0000,1
1009,1009,0,0000,03ff,03ff,0000,1
1010,1010,0,0000,03ff,03ff,0000,1
1011,1011,0,0000,03ff,03ff,0000,1
1012,1012,0,0000,03ff,03ff,0000,1
1013,1013,0,0000,03ff,03ff,0000,1
1014,1014,0,0000,03ff,03ff,0000,1
1015,1015,0,0000,03ff,03ff,0000,1
1016,1016,0,0000,03ff,03ff,0000,1
1017,1017,0,0000,03ff,03ff,0000,1
1018,1018,0,0000,03ff,03ff,0000,1
1019,1019,0,0000,03ff,03ff,0000,1
1020,1020,0,0000,03ff,03ff,0000,1
1021,1021,0,0000,03ff,03ff,0000,1
1022,1022,0,0000,03ff,03ff,0000,1
1023,1023,0,0000,03ff,03ff,0000,1
1024,1024,0,0000,03ff,03ff,0000,1
1025,1025,0,0000,03ff,03ff,0000,1
1026,1026,0,0000,03ff,03ff,0000,1
1027,1027,0,0000,03ff,03ff,0000,1
1028,1028,0,0000,03ff,03ff,0000,1
1029,1029,0,0000,03ff,03ff,0000,1
1030,1030,0,0000,03ff,03ff,0000,1
1031,1031,0,0000,03ff,03ff,0000,1
1032,1032,0,0000,03ff,03ff,0000,1
1033,1033,0,0000,03ff,03ff,0000,1
1034,1034,0,0000,03ff,03ff,0000,1
1035,1035,0,0000,03ff,03ff,0000,1
1036,1036,0,0000,03ff,03ff,0000,1
1037,1037,0,0000,03ff,03ff,0000,1
1038,1038,0,0000,03ff,03ff,0000,1
1039,1039,0,0000,03ff,03ff,0000,1
1040,1040,0,0000,03ff,03ff,0000,1
1041,1041,0,0000,03ff,03ff,0000,1
1042,1042,0,0000,03ff,03ff,0000,1
1043,1043,0,0000,03ff,03ff,0000,1
1044,1044,0,0000,03ff,03ff,0000,1
1045,1045,0,0000,03ff,03ff,0000,1
1046,1046,0,0000,03ff,03ff,0000,1
1047,1047,0,0000,03ff,03ff,0000,1
1048,1048,0,0000,03ff,03ff,0000,1
1049,1049,0,0000,03ff,03ff,0000,1
1050,1050,0,0000,03ff,03ff,0000,1
1051,1051,0,0000,03ff,03ff,0000,1
1052,1052,0,0000,03ff,03ff,0000,1
1053,1053,0,0000,03ff,03ff,0000,1
1054,1054,0,0000,03ff,03ff,0000,1
1055,1055,0,0000,03ff,03ff,0000,1
1056,1056,0,0000,03ff,03ff,0000,1
1057,1057,0,0000,03ff,03ff,0000,1
1058,1058,0,0000,03ff,03ff,0000,1
1059,1059,0,0000,03ff,03ff,0000,1
1060,1060,0,0000,03ff,03ff,0000,1
1061,1061,0,0000,03ff,03ff,0000,1
1062,1062,0,0000,03ff,03ff,0000,1
1063,1063,0,0000,03ff,03ff,0000,1
1064,1064,0,0000,03ff,03ff,0000,1
1065,1065,0,0000,03ff,03ff,0000,1
1066,1066,0,0000,03ff,03ff,0000,1
1067,1067,0,0000,03ff,03ff,0000,1
1068,1068,0,0000,03ff,03ff,0000,1
1069,1069,0,0000,03ff,03ff,0000,1
1070,1070,0,0000,03ff,03ff,0000,1
1071,1071,0,0000,03ff,03ff,0000,1
1072,1072,0,0000,03ff,03ff,0000,1
1073,1073,0,0000,03ff,03ff,0000,1
1074,1074,0,0000,03ff,03ff,0000,1
1075,1075,0,0000,03ff,03ff,0000,1
1076,1076,0,0000,03ff,03ff,0000,1
1077,1077,0,0000,03ff,03ff,0000,1
1078,1078,0,0000,03ff,03ff,0000,1
1079,1079,0,0000,03ff,03ff,0000,1
1080,1080,0,0000,03ff,03ff,0000,1
1081,1081,0,0000,03ff,03ff,0000,1
1082,1082,0,0000,03ff,03ff,0000,1
1083,1083,0,0000,03ff,03ff,0000,1
1084,1084,0,0000,03ff,03ff,0000,1
1085,1085,0,0000,03ff,03ff,0000,1
1086,1086,0,0000,03ff,03ff,0000,1
1087,1087,0,0000,03ff,03ff,0000,1
1088,1088,0,0000,03ff,03ff,0000,1
1089,1089,0,0000,03ff,03ff,0000,1
1090,1090,0,0000,03ff,03ff,0000,1
1091,1091,0,0000,03ff,03ff,0000,1
1092,1092,0,0000,03ff,03ff,0000,1
1093,1093,0,0000,03ff,03ff,0000,1
1094,1094,0,0000,03ff,03ff,0000,1
1095,1095,0,0000,03ff,03ff,0000,1
1096,1096,0,0000,03ff,03ff,0000,1
1097,1097,0,0000,03ff,03ff,0000,1
1098,1098,0,0000,03ff,03ff,0000,1
1099,1099,0,0000,03ff,03ff,0000,1
1100,1100,0,0000,03ff,03ff,0000,1
1101,1101,0,0000,03ff,03ff,0000,1
1102,1102,0,0000,03ff,03ff,0000,1
1103,1103,0,0000,03ff,03ff,0000,1
1104,1104,0,0000,03ff,03ff,0000,1
1105,1105,0,0000,03ff,03ff,0000,1
1106,1106,0,0000,03ff,03ff,0000,1
1107,1107,0,0000,03ff,03ff,0000,1
1108,1108,0,0000,03ff,03ff,0000,1
1109,1109,0,0000,03ff,03ff,0000,1
1110,1110,0,0000,03ff,03ff,0000,1
1111,1111,0,0000,03ff,03ff,0000,1
1112,1112,0,0000,03ff,03ff,0000,1
1113,1113,0,0000,03ff,03ff,0000,1
1114,1114,0,0000,03ff,03ff,0000,1
1115,1115,0,0000,03ff,03ff,0000,1
1116,1116,0,0000,03ff,03ff,0000,1
1117,1117,0,0000,03ff,03ff,0000,1
1118,1118,0,0000,03ff,03ff,0000,1
1119,1119,0,0000,03ff,03ff,0000,1
1120,1120,0,0000,03ff,03ff,0000,1
1121,1121,0,0000,03ff,03ff,0000,1
1122,1122,0,0000,03ff,03ff,0000,1
1123,1123,0,0000,03ff,03ff,0000,1
1124,1124,0,0000,03ff,03ff,0000,1
1125,1125,0,0000,03ff,03ff,0000,1
1126,1126,0,0000,03ff,03ff,0000,1
1127,1127,0,0000,03ff,03ff,0000,1
1128,1128,0,0000,03ff,03ff,0000,1
1129,1129,0,0000,03ff,03ff,0000,1
1130,1130,0,0000,03ff,03ff,0000,1
1131,1131,0,0000,03ff,03ff,0000,1
1132,1132,0,0000,03ff,03ff,0000,1
1133,1133,0,0000,03ff,03ff,0000,1
1134,1134,0,0000,03ff,03ff,0000,1
1135,1135,0,0000,03ff,03ff,0000,1
1136,1136,0,0000,03ff,03ff,0000,1
1137,1137,0,0000,03ff,03ff,0000,1
1138,1138,0,0000,03ff,03ff,0000,1
1139,1139,0,0000,03ff,03ff,0000,1
1140,1140,0,0000,03ff,03ff,0000,1
1141,1141,0,0000,03ff,03ff,0000,1
1142,1142,0,0000,03ff,03ff,0000,1
1143,1143,0,0000,03ff,03ff,0000,1
1144,1144,0,0000,03ff,03ff,0000,1
1145,1145,0,0000,03ff,03ff,0000,1
1146,1146,0,0000,03ff,03ff,0000,1
1147,1147,0,0000,03ff,03ff,0000,1
1148,1148,0,0000,03ff,03ff,0000,1
1149,1149,0,0000,03ff,03ff,0000,1
1150,1150,0,0000,03ff,03ff,0000,1
1151,1151,0,0000,03ff,03ff,0000,1
1152,1152,0,0000,03ff,03ff,0000,1
1153,1153,0,0000,03ff,03ff,0000,1
1154,1154,0,0000,03ff,03ff,0000,1
1155,1155,0,0000,03ff,03ff,0000,1
1156,1156,0,0000,03ff,03ff,0000,1
1157,1157,0,0000,03ff,03ff,0000,1
1158,1158,0,0000,03ff,03ff,0000,1
1159,1159,0,0000,03ff,03ff,0000,1
1160,1160,0,0000,03ff,03ff,0000,1
1161,1161,0,0000,03ff,03ff,0000,1
1162,1162,0,0000,03ff,03ff,0000,1
1163,1163,0,0000,03ff,03ff,0000,1
1164,1164,0,0000,03ff,03ff,0000,1
1165,1165,0,0000,03ff,03ff,0000,1
1166,1166,0,0000,03ff,03ff,0000,1
1167,1167,0,0000,03ff,03ff,0000,1
1168,1168,0,0000,03ff,03ff,0000,1
1169,1169,0,0000,03ff,03ff,0000,1
1170,1170,0,0000,03ff,03ff,0000,1
1171,1171,0,0000,03ff,03ff,0000,1
1172,1172,0,0000,03ff,03ff,0000,1
1173,1173,0,0000,03ff,03ff,0000,1
1174,1174,0,0000,03ff,03ff,0000,1
1175,1175,0,0000,03ff,03ff,0000,1
1176,1176,0,0000,03ff,03ff,0000,1
1177,1177,0,0000,03ff,03ff,0000,1
1178,1178,0,0000,03ff,03ff,0000,1
1179,1179,0,0000,03ff,03ff,0000,1
1180,1180,0,0000,03ff,03ff,0000,1
1181,1181,0,0000,03ff,03ff,0000,1
1182,1182,0,0000,03ff,03ff,0000,1
1183,1183,0,0000,03ff,03ff,0000,1
1184,1184,0,0000,03ff,03ff,0000,1
1185,1185,0,0000,03ff,03ff,0000,1
1186,1186,0,0000,03ff,03ff,0000,1
1187,1187,0,0000,03ff,03ff,0000,1
1188,1188,0,0000,03ff,03ff,0000,1
1189,1189,0,0000,03ff,03ff,0000,1
1190,1190,0,0000,03ff,03ff,0000,1
1191,1191,0,0000,03ff,03ff,0000,1
1192,1192,0,0000,03ff,03ff,0000,1
1193,1193,0,0000,03ff,03ff,0000,1
1194,1194,0,0000,03ff,03ff,0000,1
1195,1195,0,0000,03ff,03ff,0000,1
1196,1196,0,0000,03ff,03ff,0000,1
1197,1197,0,0000,03ff,03ff,0000,1
1198,1198,0,0000,03ff,03ff,0000,1
1199,1199,0,0000,03ff,03ff,0000,1
1200,1200,0,0000,03ff,03ff,0000,1
1201,1201,0,0000,03ff,03ff,0000,1
1202,1202,0,0000,03ff,03ff,0000,1
1203,1203,0,0000,03ff,03ff,0000,1
1204,1204,0,0000,03ff,03ff,0000,1
1205,1205,0,0000,03ff,03ff,0000,1
1206,1206,0,0000,03ff,03ff,0000,1
1207,1207,0,0000,03ff,03ff,0000,1
1208,1208,0,0000,03ff,03ff,0000,1
1209,1209,0,0000,03ff,03ff,0000,1
1210,1210,0,0000,03ff,03ff,0000,1
1211,1211,0,0000,03ff,03ff,0000,1
1212,1212,0,0000,03ff,03ff,0000,1
1213,1213,0,0000,03ff,03ff,0000,1
1214,1214,0,0000,03ff,03ff,0000,1
1215,1215,0,0000,03ff,03ff,0000,1
1216,1216,0,0000,03ff,03ff,0000,1
1217,1217,0,0000,03ff,03ff,0000,1
1218,1218,0,0000,03ff,03ff,0000,1
1219,1219,0,0000,03ff,03ff,0000,1
1220,1220,0,0000,03ff,03ff,0000,1
1221,1221,0,0000,03ff,03ff,0000,1
1222,1222,0,0000,03ff,03ff,0000,1
1223,1223,0,0000,03ff,03ff,0000,1
1224,1224,0,0000,03ff,03ff,0000,1
1225,1225,0,0000,03ff,03ff,0000,1
1226,1226,0,0000,03ff,03ff,0000,1
1227,1227,0,0000,03ff,03ff,0000,1
1228,1228,0,0000,03ff,03ff,0000,1
1229,1229,0,0000,03ff,03ff,0000,1
1230,1230,0,0000,03ff,03ff,0000,1
1231,1231,0,0000,03ff,03ff,0000,1
1232,1232,0,0000,03ff,03ff,0000,1
1233,1233,0,0000,03ff,03ff,0000,1
1234,1234,0,0000,03ff,03ff,0000,1
1235,1235,0,0000,03ff,03ff,0000,1
1236,1236,0,0000,03ff,03ff,0000,1
1237,1237,0,0000,03ff,03ff,0000,1
1238,1238,0,0000,03ff,03ff,0000,1
1239,1239,0,0000,03ff,03ff,0000,1
1240,1240,0,0000,03ff,03ff,0000,1
1241,1241,0,0000,03ff,03ff,0000,1
1242,1242,0,0000,03ff,03ff,0000,1
1243,1243,0,0000,03ff,03ff,0000,1
1244,1244,0,0000,03ff,03ff,0000,1
1245,1245,0,0000,03ff,03ff,0000,1
1246,1246,0,0000,03ff,03ff,0000,1
1247,1247,0,0000,03ff,03ff,0000,1
1248,1248,0,0000,03ff,03ff,0000,1
1249,1249,0,0000,03ff,03ff,0000,1
1250,1250,0,0000,03ff,03ff,0000,1
1251,1251,0,0000,03ff,03ff,0000,1
1252,1252,0,0000,03ff,03ff,0000,1
1253,1253,0,0000,03ff,03ff,0000,1
1254,1254,0,0000,03ff,03ff,0000,1
1255,1255,0,0000,03ff,03ff,0000,1
1256,1256,0,0000,03ff,03ff,0000,1
1257,1257,0,0000,03ff,03ff,0000,1
1258,1258,0,0000,03ff,03ff,0000,1
1259,1259,0,0000,03ff,03ff,0000,1
1260,1260,0,0000,03ff,03ff,0000,1
1261,1261,0,0000,03ff,03ff,0000,1
1262,1262,0,0000,03ff,03ff,0000,1
1263,1263,0,0000,03ff,03ff,0000,1
1264,1264,0,0000,03ff,03ff,0000,1
1265,1265,0,0000,03ff,03ff,0000,1
1266,1266,0,0000,03ff,03ff,0000,1
1267,1267,0,0000,03ff,03ff,0000,1
1268,1268,0,0000,03ff,03ff,0000,1
1269,1269,0,0000,03ff,03ff,0000,1
1270,1270,0,0000,03ff,03ff,0000,1
1271,1271,0,0000,03ff,03ff,0000,1
1272,1272,0,0000,03ff,03ff,0000,1
1273,1273,0,0000,03ff,03ff,0000,1
1274,1274,0,0000,03ff,03ff,0000,1
1275,1275,0,0000,03ff,03ff,0000,1
1276,1276,0,0000,03ff,03ff,0000,1
1277,1277,0,0000,03ff,03ff,0000,1
1278,1278,0,0000,03ff,03ff,0000,1
1279,1279,0,0000,03ff,03ff,0000,1
1280,1280,0,0000,03ff,03ff,0000,1
1281,1281,0,0000,03ff,03ff,0000,1
1282,1282,0,0000,03ff,03ff,0000,1
1283,1283,0,0000,03ff,03ff,0000,1
1284,1284,0,0000,03ff,03ff,0000,1
1285,1285,0,0000,03ff,03ff,0000,1
1286,1286,0,0000,03ff,03ff,0000,1
1287,1287,0,0000,03ff,03ff,0000,1
1288,1288,0,0000,03ff,03ff,0000,1
1289,1289,0,0000,03ff,03ff,0000,1
1290,1290,0,0000,03ff,03ff,0000,1
1291,1291,0,0000,03ff,03ff,0000,1
1292,1292,0,0000,03ff,03ff,0000,1
1293,1293,0,0000,03ff,03ff,0000,1
1294,1294,0,0000,03ff,03ff,0000,1
1295,1295,0,0000,03ff,03ff,0000,1
1296,1296,0,0000,03ff,03ff,0000,1
1297,1297,0,0000,03ff,03ff,0000,1
1298,1298,0,0000,03ff,03ff,0000,1
1299,1299,0,0000,03ff,03ff,0000,1
1300,1300,0,0000,03ff,03ff,0000,1
1301,1301,0,0000,03ff,03ff,0000,1
1302,1302,0,0000,03ff,03ff,0000,1
1303,1303,0,0000,03ff,03ff,0000,1
1304,1304,0,0000,03ff,03ff,0000,1
1305,1305,0,0000,03ff,03ff,0000,1
1306,1306,0,0000,03ff,03ff,0000,1
1307,1307,0,0000,03ff,03ff,0000,1
1308,1308,0,0000,03ff,03ff,0000,1
1309,1309,0,0000,03ff,03ff,0000,1
1310,1310,0,0000,03ff,03ff,0000,1
1311,1311,0,0000,03ff,03ff,0000,1
1312,1312,0,0000,03ff,03ff,0000,1
1313,1313,0,0000,03ff,03ff,0000,1
1314,1314,0,0000,03ff,03ff,0000,1
1315,1315,0,0000,03ff,03ff,0000,1
1316,1316,0,0000,03ff,03ff,0000,1
1317,1317,0,0000,03ff,03ff,0000,1
1318,1318,0,0000,03ff,03ff,0000,1
1319,1319,0,0000,03ff,03ff,0000,1
1320,1320,0,0000,03ff,03ff,0000,1
1321,1321,0,0000,03ff,03ff,0000,1
1322,1322,0,0000,03ff,03ff,0000,1
1323,1323,0,0000,03ff,03ff,0000,1
1324,1324,0,0000,03ff,03ff,0000,1
1325,1325,0,0000,03ff,03ff,0000,1
1326,1326,0,0000,03ff,03ff,0000,1
1327,1327,0,0000,03ff,03ff,0000,1
1328,1328,0,0000,03ff,03ff,0000,1
1329,1329,0,0000,03ff,03ff,0000,1
1330,1330,0,0000,03ff,03ff,0000,1
1331,1331,0,0000,03ff,03ff,0000,1
1332,1332,0,0000,03ff,03ff,0000,1
1333,1333,0,0000,03ff,03ff,0000,1
1334,1334,0,0000,03ff,03ff,0000,1
1335,1335,0,0000,03ff,03ff,0000,1
1336,1336,0,0000,03ff,03ff,0000,1
1337,1337,0,0000,03ff,03ff,0000,1
1338,1338,0,0000,03ff,03ff,0000,1
1339,1339,0,0000,03ff,03ff,0000,1
1340,1340,0,0000,03ff,03ff,0000,1
1341,1341,0,0000,03ff,03ff,0000,1
1342,1342,0,0000,03ff,03ff,0000,1
1343,1343,0,0000,03ff,03ff,0000,1
1344,1344,0,0000,03ff,03ff,0000,1
1345,1345,0,0000,03ff,03ff,0000,1
1346,1346,0,0000,03ff,03ff,0000,1
1347,1347,0,0000,03ff,03ff,0000,1
1348,1348,0,0000,03ff,03ff,0000,1
1349,1349,0,0000,03ff,03ff,0000,1
1350,1350,0,0000,03ff,03ff,0000,1
1351,1351,0,0000,03ff,03ff,0000,1
1352,1352,0,0000,03ff,03ff,0000,1
1353,1353,0,0000,03ff,03ff,0000,1
1354,1354,0,0000,03ff,03ff,0000,1
1355,1355,0,0000,03ff,03ff,0000,1
1356,1356,0,0000,03ff,03ff,0000,1
1357,1357,0,0000,03ff,03ff,0000,1
1358,1358,0,0000,03ff,03ff,0000,1
1359,1359,0,0000,03ff,03ff,0000,1
1360,1360,0,0000,03ff,03ff,0000,1
1361,1361,0,0000,03ff,03ff,0000,1
1362,1362,0,0000,03ff,03ff,0000,1
1363,1363,0,0000,03ff,03ff,0000,1
1364,1364,0,0000,03ff,03ff,0000,1
1365,1365,0,0000,03ff,03ff,0000,1
1366,1366,0,0000,03ff,03ff,0000,1
1367,1367,0,0000,03ff,03ff,0000,1
1368,1368,0,0000,03ff,03ff,0000,1
1369,1369,0,0000,03ff,03ff,0000,1
1370,1370,0,0000,03ff,03ff,0000,1
1371,1371,0,0000,03ff,03ff,0000,1
1372,1372,0,0000,03ff,03ff,0000,1
1373,1373,0,0000,03ff,03ff,0000,1
1374,1374,0,0000,03ff,03ff,0000,1
1375,1375,0,0000,03ff,03ff,0000,1
1376,1376,0,0000,03ff,03ff,0000,1
1377,1377,0,0000,03ff,03ff,0000,1
1378,1378,0,0000,03ff,03ff,0000,1
1379,1379,0,0000,03ff,03ff,0000,1
1380,1380,0,0000,03ff,03ff,0000,1
1381,1381,0,0000,03ff,03ff,0000,1
1382,1382,0,0000,03ff,03ff,0000,1
1383,1383,0,0000,03ff,03ff,0000,1
1384,1384,0,0000,03ff,03ff,0000,1
1385,1385,0,0000,03ff,03ff,0000,1
1386,1386,0,0000,03ff,03ff,0000,1
1387,1387,0,0000,03ff,03ff,0000,1
1388,1388,0,0000,03ff,03ff,0000,1
1389,1389,0,0000,03ff,03ff,0000,1
1390,1390,0,0000,03ff,03ff,0000,1
1391,1391,0,0000,03ff,03ff,0000,1
1392,1392,0,0000,03ff,03ff,0000,1
1393,1393,0,0000,03ff,03ff,0000,1
1394,1394,0,0000,03ff,03ff,0000,1
1395,1395,0,0000,03ff,03ff,0000,1
1396,1396,0,0000,03ff,03ff,0000,1
1397,1397,0,0000,03ff,03ff,0000,1
1398,1398,0,0000,03ff,03ff,0000,1
1399,1399,0,0000,03ff,03ff,0000,1
1400,1400,0,0000,03ff,03ff,0000,1
1401,1401,0,0000,03ff,03ff,0000,1
1402,1402,0,0000,03ff,03ff,0000,1
1403,1403,0,0000,03ff,03ff,0000,1
1404,1404,0,0000,03ff,03ff,0000,1
1405,1405,0,0000,03ff,03ff,0000,1
1406,1406,0,0000,03ff,03ff,0000,1
1407,1407,0,0000,03ff,03ff,0000,1
1408,1408,0,0000,03ff,03ff,0000,1
1409,1409,0,0000,03ff,03ff,0000,1
1410,1410,0,0000,03ff,03ff,0000,1
1411,1411,0,0000,03ff,03ff,0000,1
1412,1412,0,0000,03ff,03ff,0000,1
1413,1413,0,0000,03ff,03ff,0000,1
1414,1414,0,0000,03ff,03ff,0000,1
1415,1415,0,0000,03ff,03ff,0000,1
1416,1416,0,0000,03ff,03ff,0000,1
1417,1417,0,0000,03ff,03ff,0000,1
1418,1418,0,0000,03ff,03ff,0000,1
1419,1419,0,0000,03ff,03ff,0000,1
1420,1420,0,0000,03ff,03ff,0000,1
1421,1421,0,0000,03ff,03ff,0000,1
1422,1422,0,0000,03ff,03ff,0000,1
1423,1423,0,0000,03ff,03ff,0000,1
1424,1424,0,0000,03ff,03ff,0000,1
1425,1425,0,0000,03ff,03ff,0000,1
1426,1426,0,0000,03ff,03ff,0000,1
1427,1427,0,0000,03ff,03ff,0000,1
1428,1428,0,0000,03ff,03ff,0000,1
1429,1429,0,0000,03ff,03ff,0000,1
1430,1430,0,0000,03ff,03ff,0000,1
1431,1431,0,0000,03ff,03ff,0000,1
1432,1432,0,0000,03ff,03ff,0000,1
1433,1433,0,0000,03ff,03ff,0000,1
1434,1434,0,0000,03ff,03ff,0000,1
1435,1435,0,0000,03ff,03ff,0000,1
1436,1436,0,0000,03ff,03ff,0000,1
1437,1437,0,0000,03ff,03ff,0000,1
1438,1438,0,0000,03ff,03ff,0000,1
1439,1439,0,0000,03ff,03ff,0000,1
1440,1440,0,0000,03ff,03ff,0000,1
1441,1441,0,0000,03ff,03ff,0000,1
1442,1442,0,0000,03ff,03ff,0000,1
1443,1443,0,0000,03ff,03ff,0000,1
1444,1444,0,0000,03ff,03ff,0000,1
1445,1445,0,0000,03ff,03ff,0000,1
1446,1446,0,0000,03ff,03ff,0000,1
1447,1447,0,0000,03ff,03ff,0000,1
1448,1448,0,0000,03ff,03ff,0000,1
1449,1449,0,0000,03ff,03ff,0000,1
1450,1450,0,0000,03ff,03ff,0000,1
1451,1451,0,0000,03ff,03ff,0000,1
1452,1452,0,0000,03ff,03ff,0000,1
1453,1453,0,0000,03ff,03ff,0000,1
1454,1454,0,0000,03ff,03ff,0000,1
1455,1455,0,0000,03ff,03ff,0000,1
1456,1456,0,0000,03ff,03ff,0000,1
1457,1457,0,0000,03ff,03ff,0000,1
1458,1458,0,0000,03ff,03ff,0000,1
1459,1459,0,0000,03ff,03ff,0000,1
1460,1460,0,0000,03ff,03ff,0000,1
1461,1461,0,0000,03ff,03ff,0000,1
1462,1462,0,0000,03ff,03ff,0000,1
1463,1463,0,0000,03ff,03ff,0000,1
1464,1464,0,0000,03ff,03ff,0000,1
1465,1465,0,0000,03ff,03ff,0000,1
1466,1466,0,0000,03ff,03ff,0000,1
1467,1467,0,0000,03ff,03ff,0000,1
1468,1468,0,0000,03ff,03ff,0000,1
1469,1469,0,0000,03ff,03ff,0000,1
1470,1470,0,0000,03ff,03ff,0000,1
1471,1471,0,0000,03ff,03ff,0000,1
1472,1472,0,0000,03ff,03ff,0000,1
1473,1473,0,0000,03ff,03ff,0000,1
1474,1474,0,0000,03ff,03ff,0000,1
1475,1475,0,0000,03ff,03ff,0000,1
1476,1476,0,0000,03ff,03ff,0000,1
1477,1477,0,0000,03ff,03ff,0000,1
1478,1478,0,0000,03ff,03ff,0000,1
1479,1479,0,0000,03ff,03ff,0000,1
1480,1480,0,0000,03ff,03ff,0000,1
1481,1481,0,0000,03ff,03ff,0000,1
1482,1482,0,0000,03ff,03ff,0000,1
1483,1483,0,0000,03ff,03ff,0000,1
1484,1484,0,0000,03ff,03ff,0000,1
1485,1485,0,0000,03ff,03ff,0000,1
1486,1486,0,0000,03ff,03ff,0000,1
1487,1487,0,0000,03ff,03ff,0000,1
1488,1488,0,0000,03ff,03ff,0000,1
1489,1489,0,0000,03ff,03ff,0000,1
1490,1490,0,0000,03ff,03ff,0000,1
1491,1491,0,0000,03ff,03ff,0000,1
1492,1492,0,0000,03ff,03ff,0000,1
1493,1493,0,0000,03ff,03ff,0000,1
1494,1494,0,0000,03ff,03ff,0000,1
1495,1495,0,0000,03ff,03ff,0000,1
1496,1496,0,0000,03ff,03ff,0000,1
1497,1497,0,0000,03ff,03ff,0000,1
1498,1498,0,0000,03ff,03ff,0000,1
1499,1499,0,0000,03ff,03ff,0000,1
1500,1500,0,0000,03ff,03ff,0000,1
1501,1501,0,0000,03ff,03ff,0000,1
1502,1502,0,0000,03ff,03ff,0000,1
1503,1503,0,0000,03ff,03ff,0000,1
1504,1504,0,0000,03ff,03ff,0000,1
1505,1505,0,0000,03ff,03ff,0000,1
1506,1506,0,0000,03ff,03ff,0000,1
1507,1507,0,0000,03ff,03ff,0000,1
1508,1508,0,0000,03ff,03ff,0000,1
1509,1509,0,0000,03ff,03ff,0000,1
1510,1510,0,0000,03ff,03ff,0000,1
1511,1511,0,0000,03ff,03ff,0000,1
1512,1512,0,0000,03ff,03ff,0000,1
1513,1513,0,0000,03ff,03ff,0000,1
1514,1514,0,0000,03ff,03ff,0000,1
1515,1515,0,0000,03ff,03ff,0000,1
1516,1516,0,0000,03ff,03ff,0000,1
1517,1517,0,0000,03ff,03ff,0000,1
1518,1518,0,0000,03ff,03ff,0000,1
1519,1519,0,0000,03ff,03ff,0000,1
1520,1520,0,0000,03ff,03ff,0000,1
1521,1521,0,0000,03ff,03ff,0000,1
1522,1522,0,0000,03ff,03ff,0000,1
1523,1523,0,0000,03ff,03ff,0000,1
1524,1524,0,0000,03ff,03ff,0000,1
1525,1525,0,0000,03ff,03ff,0000,1
1526,1526,0,0000,03ff,03ff,0000,1
1527,1527,0,0000,03ff,03ff,0000,1
1528,1528,0,0000,03ff,03ff,0000,1
1529,1529,0,0000,03ff,03ff,0000,1
1530,1530,0,0000,03ff,03ff,0000,1
1531,1531,0,0000,03ff,03ff,0000,1
1532,1532,0,0000,03ff,03ff,0000,1
1533,1533,0,0000,03ff,03ff,0000,1
1534,1534,0,0000,03ff,03ff,0000,1
1535,1535,0,0000,03ff,03ff,0000,1
1536,1536,0,0000,03ff,03ff,0000,1
1537,1537,0,0000,03ff,03ff,0000,1
1538,1538,0,0000,03ff,03ff,0000,1
1539,1539,0,0000,03ff,03ff,0000,1
1540,1540,0,0000,03ff,03ff,0000,1
1541,1541,0,0000,03ff,03ff,0000,1
1542,1542,0,0000,03ff,03ff,0000,1
1543,1543,0,0000,03ff,03ff,0000,1
1544,1544,0,0000,03ff,03ff,0000,1
1545,1545,0,0000,03ff,03ff,0000,1
1546,1546,0,0000,03ff,03ff,0000,1
1547,1547,0,0000,03ff,03ff,0000,1
1548,1548,0,0000,03ff,03ff,0000,1
1549,1549,0,0000,03ff,03ff,0000,1
1550,1550,0,0000,03ff,03ff,0000,1
1551,1551,0,0000,03ff,03ff,0000,1
1552,1552,0,0000,03ff,03ff,0000,1
1553,1553,0,0000,03ff,03ff,0000,1
1554,1554,0,0000,03ff,03ff,0000,1
1555,1555,0,0000,03ff,03ff,0000,1
1556,1556,0,0000,03ff,03ff,0000,1
1557,1557,0,0000,03ff,03ff,0000,1
1558,1558,0,0000,03ff,03ff,0000,1
1559,1559,0,0000,03ff,03ff,0000,1
1560,1560,0,0000,03ff,03ff,0000,1
1561,1561,0,0000,03ff,03ff,0000,1
1562,1562,0,0000,03ff,03ff,0000,1
1563,1563,0,0000,03ff,03ff,0000,1
1564,1564,0,0000,03ff,03ff,0000,1
1565,1565,0,0000,03ff,03ff,0000,1
1566,1566,0,0000,03ff,03ff,0000,1
1567,1567,0,0000,03ff,03ff,0000,1
1568,1568,0,0000,03ff,03ff,0000,1
1569,1569,0,0000,03ff,03ff,0000,1
1570,1570,0,0000,03ff,03ff,0000,1
1571,1571,0,0000,03ff,03ff,0000,1
1572,1572,0,0000,03ff,03ff,0000,1
1573,1573,0,0000,03ff,03ff,0000,1
1574,1574,0,0000,03ff,03ff,0000,1
1575,1575,0,0000,03ff,03ff,0000,1
1576,1576,0,0000,03ff,03ff,0000,1
1577,1577,0,0000,03ff,03ff,0000,1
1578,1578,0,0000,03ff,03ff,0000,1
1579,1579,0,0000,03ff,03ff,0000,1
1580,1580,0,0000,03ff,03ff,0000,1
1581,1581,0,0000,03ff,03ff,0000,1
1582,1582,0,0000,03ff,03ff,0000,1
1583,1583,0,0000,03ff,03ff,0000,1
1584,1584,0,0000,03ff,03ff,0000,1
1585,1585,0,0000,03ff,03ff,0000,1
1586,1586,0,0000,03ff,03ff,0000,1
1587,1587,0,0000,03ff,03ff,0000,1
1588,1588,0,0000,03ff,03ff,0000,1
1589,1589,0,0000,03ff,03ff,0000,1
1590,1590,0,0000,03ff,03ff,0000,1
1591,1591,0,0000,03ff,03ff,0000,1
1592,1592,0,0000,03ff,03ff,0000,1
1593,1593,0,0000,03ff,03ff,0000,1
1594,1594,0,0000,03ff,03ff,0000,1
1595,1595,0,0000,03ff,03ff,0000,1
1596,1596,0,0000,03ff,03ff,0000,1
1597,1597,0,0000,03ff,03ff,0000,1
1598,1598,0,0000,03ff,03ff,0000,1
1599,1599,0,0000,03ff,03ff,0000,1
1600,1600,0,0000,03ff,03ff,0000,1
1601,1601,0,0000,03ff,03ff,0000,1
1602,1602,0,0000,03ff,03ff,0000,1
1603,1603,0,0000,03ff,03ff,0000,1
1604,1604,0,0000,03ff,03ff,0000,1
1605,1605,0,0000,03ff,03ff,0000,1
1606,1606,0,0000,03ff,03ff,0000,1
1607,1607,0,0000,03ff,03ff,0000,1
1608,1608,0,0000,03ff,03ff,0000,1
1609,1609,0,0000,03ff,03ff,0000,1
1610,1610,0,0000,03ff,03ff,0000,1
1611,1611,0,0000,03ff,03ff,0000,1
1612,1612,0,0000,03ff,03ff,0000,1
1613,1613,0,0000,03ff,03ff,0000,1
1614,1614,0,0000,03ff,03ff,0000,1
1615,1615,0,0000,03ff,03ff,0000,1
1616,1616,0,0000,03ff,03ff,0000,1
1617,1617,0,0000,03ff,03ff,0000,1
1618,1618,0,0000,03ff,03ff,0000,1
1619,1619,0,0000,03ff,03ff,0000,1
1620,1620,0,0000,03ff,03ff,0000,1
1621,1621,0,0000,03ff,03ff,0000,1
1622,1622,0,0000,03ff,03ff,0000,1
1623,1623,0,0000,03ff,03ff,0000,1
1624,1624,0,0000,03ff,03ff,0000,1
1625,1625,0,0000,03ff,03ff,0000,1
1626,1626,0,0000,03ff,03ff,0000,1
1627,1627,0,0000,03ff,03ff,0000,1
1628,1628,0,0000,03ff,03ff,0000,1
1629,1629,0,0000,03ff,03ff,0000,1
1630,1630,0,0000,03ff,03ff,0000,1
1631,1631,0,0000,03ff,03ff,0000,1
1632,1632,0,0000,03ff,03ff,0000,1
1633,1633,0,0000,03ff,03ff,0000,1
1634,1634,0,0000,03ff,03ff,0000,1
1635,1635,0,0000,03ff,03ff,0000,1
1636,1636,0,0000,03ff,03ff,0000,1
1637,1637,0,0000,03ff,03ff,0000,1
1638,1638,0,0000,03ff,03ff,0000,1
1639,1639,0,0000,03ff,03ff,0000,1
1640,1640,0,0000,03ff,03ff,0000,1
1641,1641,0,0000,03ff,03ff,0000,1
1642,1642,0,0000,03ff,03ff,0000,1
1643,1643,0,0000,03ff,03ff,0000,1
1644,1644,0,0000,03ff,03ff,0000,1
1645,1645,0,0000,03ff,03ff,0000,1
1646,1646,0,0000,03ff,03ff,0000,1
1647,1647,0,0000,03ff,03ff,0000,1
1648,1648,0,0000,03ff,03ff,0000,1
1649,1649,0,0000,03ff,03ff,0000,1
1650,1650,0,0000,03ff,03ff,0000,1
1651,1651,0,0000,03ff,03ff,0000,1
1652,1652,0,0000,03ff,03ff,0000,1
1653,1653,0,0000,03ff,03ff,0000,1
1654,1654,0,0000,03ff,03ff,0000,1
1655,1655,0,0000,03ff,03ff,0000,1
1656,1656,0,0000,03ff,03ff,0000,1
1657,1657,0,0000,03ff,03ff,0000,1
1658,1658,0,0000,03ff,03ff,0000,1
1659,1659,0,0000,03ff,03ff,0000,1
1660,1660,0,0000,03ff,03ff,0000,1
1661,1661,0,0000,03ff,03ff,0000,1
1662,1662,0,0000,03ff,03ff,0000,1
1663,1663,0,0000,03ff,03ff,0000,1
1664,1664,0,0000,03ff,03ff,0000,1
1665,1665,0,0000,03ff,03ff,0000,1
1666,1666,0,0000,03ff,03ff,0000,1
1667,1667,0,0000,03ff,03ff,0000,1
1668,1668,0,0000,03ff,03ff,0000,1
1669,1669,0,0000,03ff,03ff,0000,1
1670,1670,0,0000,03ff,03ff,0000,1
1671,1671,0,0000,03ff,03ff,0000,1
1672,1672,0,0000,03ff,03ff,0000,1
1673,1673,0,0000,03ff,03ff,0000,1
1674,1674,0,0000,03ff,03ff,0000,1
1675,1675,0,0000,03ff,03ff,0000,1
1676,1676,0,0000,03ff,03ff,0000,1
1677,1677,0,0000,03ff,03ff,0000,1
1678,1678,0,0000,03ff,03ff,0000,1
1679,1679,0,0000,03ff,03ff,0000,1
1680,1680,0,0000,03ff,03ff,0000,1
1681,1681,0,0000,03ff,03ff,0000,1
1682,1682,0,0000,03ff,03ff,0000,1
1683,1683,0,0000,03ff,03ff,0000,1
1684,1684,0,0000,03ff,03ff,0000,1
1685,1685,0,0000,03ff,03ff,0000,1
1686,1686,0,0000,03ff,03ff,0000,1
1687,1687,0,0000,03ff,03ff,0000,1
1688,1688,0,0000,03ff,03ff,0000,1
1689,1689,0,0000,03ff,03ff,0000,1
1690,1690,0,0000,03ff,03ff,0000,1
1691,1691,0,0000,03ff,03ff,0000,1
1692,1692,0,0000,03ff,03ff,0000,1
1693,1693,0,0000,03ff,03ff,0000,1
1694,1694,0,0000,03ff,03ff,0000,1
1695,1695,0,0000,03ff,03ff,0000,1
1696,1696,0,0000,03ff,03ff,0000,1
1697,1697,0,0000,03ff,03ff,0000,1
1698,1698,0,0000,03ff,03ff,0000,1
1699,1699,0,0000,03ff,03ff,0000,1
1700,1700,0,0000,03ff,03ff,0000,1
1701,1701,0,0000,03ff,03ff,0000,1
1702,1702,0,0000,03ff,03ff,0000,1
1703,1703,0,0000,03ff,03ff,0000,1
1704,1704,0,0000,03ff,03ff,0000,1
1705,1705,0,0000,03ff,03ff,0000,1
1706,1706,0,0000,03ff,03ff,0000,1
1707,1707,0,0000,03ff,03ff,0000,1
1708,1708,0,0000,03ff,03ff,0000,1
1709,1709,0,0000,03ff,03ff,0000,1
1710,1710,0,0000,03ff,03ff,0000,1
1711,1711,0,0000,03ff,03ff,0000,1
1712,1712,0,0000,03ff,03ff,0000,1
1713,1713,0,0000,03ff,03ff,0000,1
1714,1714,0,0000,03ff,03ff,0000,1
1715,1715,0,0000,03ff,03ff,0000,1
1716,1716,0,0000,03ff,03ff,0000,1
1717,1717,0,0000,03ff,03ff,0000,1
1718,1718,0,0000,03ff,03ff,0000,1
1719,1719,0,0000,03ff,03ff,0000,1
1720,1720,0,0000,03ff,03ff,0000,1
1721,1721,0,0000,03ff,03ff,0000,1
1722,1722,0,0000,03ff,03ff,0000,1
1723,1723,0,0000,03ff,03ff,0000,1
1724,1724,0,0000,03ff,03ff,0000,1
1725,1725,0,0000,03ff,03ff,0000,1
1726,1726,0,0000,03ff,03ff,0000,1
1727,1727,0,0000,03ff,03ff,0000,1
1728,1728,0,0000,03ff,03ff,0000,1
1729,1729,0,0000,03ff,03ff,0000,1
1730,1730,0,0000,03ff,03ff,0000,1
1731,1731,0,0000,03ff,03ff,0000,1
1732,1732,0,0000,03ff,03ff,0000,1
1733,1733,0,0000,03ff,03ff,0000,1
1734,1734,0,0000,03ff,03ff,0000,1
1735,1735,0,0000,03ff,03ff,0000,1
1736,1736,0,0000,03ff,03ff,0000,1
1737,1737,0,0000,03ff,03ff,0000,1
1738,1738,0,0000,03ff,03ff,0000,1
1739,1739,0,0000,03ff,03ff,0000,1
1740,1740,0,0000,03ff,03ff,0000,1
1741,1741,0,0000,03ff,03ff,0000,1
1742,1742,0,0000,03ff,03ff,0000,1
1743,1743,0,0000,03ff,03ff,0000,1
1744,1744,0,0000,03ff,03ff,0000,1
1745,1745,0,0000,03ff,03ff,0000,1
1746,1746,0,0000,03ff,03ff,0000,1
1747,1747,0,0000,03ff,03ff,0000,1
1748,1748,0,0000,03ff,03ff,0000,1
1749,1749,0,0000,03ff,03ff,0000,1
1750,1750,0,0000,03ff,03ff,0000,1
1751,1751,0,0000,03ff,03ff,0000,1
1752,1752,0,0000,03ff,03ff,0000,1
1753,1753,0,0000,03ff,03ff,0000,1
1754,1754,0,0000,03ff,03ff,0000,1
1755,1755,0,0000,03ff,03ff,0000,1
1756,1756,0,0000,03ff,03ff,0000,1
1757,1757,0,0000,03ff,03ff,0000,1
1758,1758,0,0000,03ff,03ff,0000,1
1759,1759,0,0000,03ff,03ff,0000,1
1760,1760,0,0000,03ff,03ff,0000,1
1761,1761,0,0000,03ff,03ff,0000,1
1762,1762,0,0000,03ff,03ff,0000,1
1763,1763,0,0000,03ff,03ff,0000,1
1764,1764,0,0000,03ff,03ff,0000,1
1765,1765,0,0000,03ff,03ff,0000,1
1766,1766,0,0000,03ff,03ff,0000,1
1767,1767,0,0000,03ff,03ff,0000,1
1768,1768,0,0000,03ff,03ff,0000,1
1769,1769,0,0000,03ff,03ff,0000,1
1770,1770,0,0000,03ff,03ff,0000,1
1771,1771,0,0000,03ff,03ff,0000,1
1772,1772,0,0000,03ff,03ff,0000,1
1773,1773,0,0000,03ff,03ff,0000,1
1774,1774,0,0000,03ff,03ff,0000,1
1775,1775,0,0000,03ff,03ff,0000,1
1776,1776,0,0000,03ff,03ff,0000,1
1777,1777,0,0000,03ff,03ff,0000,1
1778,1778,0,0000,03ff,03ff,0000,1
1779,1779,0,0000,03ff,03ff,0000,1
1780,1780,0,0000,03ff,03ff,0000,1
1781,1781,0,0000,03ff,03ff,0000,1
1782,1782,0,0000,03ff,03ff,0000,1
1783,1783,0,0000,03ff,03ff,0000,1
1784,1784,0,0000,03ff,03ff,0000,1
1785,1785,0,0000,03ff,03ff,0000,1
1786,1786,0,0000,03ff,03ff,0000,1
1787,1787,0,0000,03ff,03ff,0000,1
1788,1788,0,0000,03ff,03ff,0000,1
1789,1789,0,0000,03ff,03ff,0000,1
1790,1790,0,0000,03ff,03ff,0000,1
1791,1791,0,0000,03ff,03ff,0000,1
1792,1792,0,0000,03ff,03ff,0000,1
1793,1793,0,0000,03ff,03ff,0000,1
1794,1794,0,0000,03ff,03ff,0000,1
1795,1795,0,0000,03ff,03ff,0000,1
1796,1796,0,0000,03ff,03ff,0000,1
1797,1797,0,0000,03ff,03ff,0000,1
1798,1798,0,0000,03ff,03ff,0000,1
1799,1799,0,0000,03ff,03ff,0000,1
1800,1800,0,0000,03ff,03ff,0000,1
1801,1801,0,0000,03ff,03ff,0000,1
1802,1802,0,0000,03ff,03ff,0000,1
1803,1803,0,0000,03ff,03ff,0000,1
1804,1804,0,0000,03ff,03ff,0000,1
1805,1805,0,0000,03ff,03ff,0000,1
1806,1806,0,0000,03ff,03ff,0000,1
1807,1807,0,0000,03ff,03ff,0000,1
1808,1808,0,0000,03ff,03ff,0000,1
1809,1809,0,0000,03ff,03ff,0000,1
1810,1810,0,0000,03ff,03ff,0000,1
1811,1811,0,0000,03ff,03ff,0000,1
1812,1812,0,0000,03ff,03ff,0000,1
1813,1813,0,0000,03ff,03ff,0000,1
1814,1814,0,0000,03ff,03ff,0000,1
1815,1815,0,0000,03ff,03ff,0000,1
1816,1816,0,0000,03ff,03ff,0000,1
1817,1817,0,0000,03ff,03ff,0000,1
1818,1818,0,0000,03ff,03ff,0000,1
1819,1819,0,0000,03ff,03ff,0000,1
1820,1820,0,0000,03ff,03ff,0000,1
1821,1821,0,0000,03ff,03ff,0000,1
1822,1822,0,0000,03ff,03ff,0000,1
1823,1823,0,0000,03ff,03ff,0000,1
1824,1824,0,0000,03ff,03ff,0000,1
1825,1825,0,0000,03ff,03ff,0000,1
1826,1826,0,0000,03ff,03ff,0000,1
1827,1827,0,0000,03ff,03ff,0000,1
1828,1828,0,0000,03ff,03ff,0000,1
1829,1829,0,0000,03ff,03ff,0000,1
1830,1830,0,0000,03ff,03ff,0000,1
1831,1831,0,0000,03ff,03ff,0000,1
1832,1832,0,0000,03ff,03ff,0000,1
1833,1833,0,0000,03ff,03ff,0000,1
1834,1834,0,0000,03ff,03ff,0000,1
1835,1835,0,0000,03ff,03ff,0000,1
1836,1836,0,0000,03ff,03ff,0000,1
1837,1837,0,0000,03ff,03ff,0000,1
1838,1838,0,0000,03ff,03ff,0000,1
1839,1839,0,0000,03ff,03ff,0000,1
1840,1840,0,0000,03ff,03ff,0000,1
1841,1841,0,0000,03ff,03ff,0000,1
1842,1842,0,0000,03ff,03ff,0000,1
1843,1843,0,0000,03ff,03ff,0000,1
1844,1844,0,0000,03ff,03ff,0000,1
1845,1845,0,0000,03ff,03ff,0000,1
1846,1846,0,0000,03ff,03ff,0000,1
1847,1847,0,0000,03ff,03ff,0000,1
1848,1848,0,0000,03ff,03ff,0000,1
1849,1849,0,0000,03ff,03ff,0000,1
1850,1850,0,0000,03ff,03ff,0000,1
1851,1851,0,0000,03ff,03ff,0000,1
1852,1852,0,0000,03ff,03ff,0000,1
1853,1853,0,0000,03ff,03ff,0000,1
1854,1854,0,0000,03ff,03ff,0000,1
1855,1855,0,0000,03ff,03ff,0000,1
1856,1856,0,0000,03ff,03ff,0000,1
1857,1857,0,0000,03ff,03ff,0000,1
1858,1858,0,0000,03ff,03ff,0000,1
1859,1859,0,0000,03ff,03ff,0000,1
1860,1860,0,0000,03ff,03ff,0000,1
1861,1861,0,0000,03ff,03ff,0000,1
1862,1862,0,0000,03ff,03ff,0000,1
1863,1863,0,0000,03ff,03ff,0000,1
1864,1864,0,0000,03ff,03ff,0000,1
1865,1865,0,0000,03ff,03ff,0000,1
1866,1866,0,0000,03ff,03ff,0000,1
1867,1867,0,0000,03ff,03ff,0000,1
1868,1868,0,0000,03ff,03ff,0000,1
1869,1869,0,0000,03ff,03ff,0000,1
1870,1870,0,0000,03ff,03ff,0000,1
1871,1871,0,0000,03ff,03ff,0000,1
1872,1872,0,0000,03ff,03ff,0000,1
1873,1873,0,0000,03ff,03ff,0000,1
1874,1874,0,0000,03ff,03ff,0000,1
1875,1875,0,0000,03ff,03ff,0000,1
1876,1876,0,0000,03ff,03ff,0000,1
1877,1877,0,0000,03ff,03ff,0000,1
1878,1878,0,0000,03ff,03ff,0000,1
1879,1879,0,0000,03ff,03ff,0000,1
1880,1880,0,0000,03ff,03ff,0000,1
1881,1881,0,0000,03ff,03ff,0000,1
1882,1882,0,0000,03ff,03ff,0000,1
1883,1883,0,0000,03ff,03ff,0000,1
1884,1884,0,0000,03ff,03ff,0000,1
1885,1885,0,0000,03ff,03ff,0000,1
1886,1886,0,0000,03ff,03ff,0000,1
1887,1887,0,0000,03ff,03ff,0000,1
1888,1888,0,0000,03ff,03ff,0000,1
1889,1889,0,0000,03ff,03ff,0000,1
1890,1890,0,0000,03ff,03ff,0000,1
1891,1891,0,0000,03ff,03ff,0000,1
1892,1892,0,0000,03ff,03ff,0000,1
1893,1893,0,0000,03ff,03ff,0000,1
1894,1894,0,0000,03ff,03ff,0000,1
1895,1895,0,0000,03ff,03ff,0000,1
1896,1896,0,0000,03ff,03ff,0000,1
1897,1897,0,0000,03ff,03ff,0000,1
1898,1898,0,0000,03ff,03ff,0000,1
1899,1899,0,0000,03ff,03ff,0000,1
1900,1900,0,0000,03ff,03ff,0000,1
1901,1901,0,0000,03ff,03ff,0000,1
1902,1902,0,0000,03ff,03ff,0000,1
1903,1903,0,0000,03ff,03ff,0000,1
1904,1904,0,0000,03ff,03ff,0000,1
1905,1905,0,0000,03ff,03ff,0000,1
1906,1906,0,0000,03ff,03ff,0000,1
1907,1907,0,0000,03ff,03ff,0000,1
1908,1908,0,0000,03ff,03ff,0000,1
1909,1909,0,0000,03ff,03ff,0000,1
1910,1910,0,0000,03ff,03ff,0000,1
1911,1911,0,0000,03ff,03ff,0000,1
1912,1912,0,0000,03ff,03ff,0000,1
1913,1913,0,0000,03ff,03ff,0000,1
1914,1914,0,0000,03ff,03ff,0000,1
1915,1915,0,0000,03ff,03ff,0000,1
1916,1916,0,0000,03ff,03ff,0000,1
1917,1917,0,0000,03ff,03ff,0000,1
1918,1918,0,0000,03ff,03ff,0000,1
1919,1919,0,0000,03ff,03ff,0000,1
1920,1920,0,0000,03ff,03ff,0000,1
1921,1921,0,0000,03ff,03ff,0000,1
1922,1922,0,0000,03ff,03ff,0000,1
1923,1923,0,0000,03ff,03ff,0000,1
1924,1924,0,0000,03ff,03ff,0000,1
1925,1925,0,0000,03ff,03ff,0000,1
1926,1926,0,0000,03ff,03ff,0000,1
1927,1927,0,0000,03ff,03ff,0000,1
1928,1928,0,0000,03ff,03ff,0000,1
1929,1929,0,0000,03ff,03ff,0000,1
1930,1930,0,0000,03ff,03ff,0000,1
1931,1931,0,0000,03ff,03ff,0000,1
1932,1932,0,0000,03ff,03ff,0000,1
1933,1933,0,0000,03ff,03ff,0000,1
1934,1934,0,0000,03ff,03ff,0000,1
1935,1935,0,0000,03ff,03ff,0000,1
1936,1936,0,0000,03ff,03ff,0000,1
1937,1937,0,0000,03ff,03ff,0000,1
1938,1938,0,0000,03ff,03ff,0000,1
1939,1939,0,0000,03ff,03ff,0000,1
1940,1940,0,0000,03ff,03ff,0000,1
1941,1941,0,0000,03ff,03ff,0000,1
1942,1942,0,0000,03ff,03ff,0000,1
1943,1943,0,0000,03ff,03ff,0000,1
1944,1944,0,0000,03ff,03ff,0000,1
1945,1945,0,0000,03ff,03ff,0000,1
1946,1946,0,0000,03ff,03ff,0000,1
1947,1947,0,0000,03ff,03ff,0000,1
1948,1948,0,0000,03ff,03ff,0000,1
1949,1949,0,0000,03ff,03ff,0000,1
1950,1950,0,0000,03ff,03ff,0000,1
1951,1951,0,0000,03ff,03ff,0000,1
1952,1952,0,0000,03ff,03ff,0000,1
1953,1953,0,0000,03ff,03ff,0000,1
1954,1954,0,0000,03ff,03ff,0000,1
1955,1955,0,0000,03ff,03ff,0000,1
1956,1956,0,0000,03ff,03ff,0000,1
1957,1957,0,0000,03ff,03ff,0000,1
1958,1958,0,0000,03ff,03ff,0000,1
1959,1959,0,0000,03ff,03ff,0000,1
1960,1960,0,0000,03ff,03ff,0000,1
1961,1961,0,0000,03ff,03ff,0000,1
1962,1962,0,0000,03ff,03ff,0000,1
1963,1963,0,0000,03ff,03ff,0000,1
1964,1964,0,0000,03ff,03ff,0000,1
1965,1965,0,0000,03ff,03ff,0000,1
1966,1966,0,0000,03ff,03ff,0000,1
1967,1967,0,0000,03ff,03ff,0000,1
1968,1968,0,0000,03ff,03ff,0000,1
1969,1969,0,0000,03ff,03ff,0000,1
1970,1970,0,0000,03ff,03ff,0000,1
1971,1971,0,0000,03ff,03ff,0000,1
1972,1972,0,0000,03ff,03ff,0000,1
1973,1973,0,0000,03ff,03ff,0000,1
1974,1974,0,0000,03ff,03ff,0000,1
1975,1975,0,0000,03ff,03ff,0000,1
1976,1976,0,0000,03ff,03ff,0000,1
1977,1977,0,0000,03ff,03ff,0000,1
1978,1978,0,0000,03ff,03ff,0000,1
1979,1979,0,0000,03ff,03ff,0000,1
1980,1980,0,0000,03ff,03ff,0000,1
1981,1981,0,0000,03ff,03ff,0000,1
1982,1982,0,0000,03ff,03ff,0000,1
1983,1983,0,0000,03ff,03ff,0000,1
1984,1984,0,0000,03ff,03ff,0000,1
1985,1985,0,0000,03ff,03ff,0000,1
1986,1986,0,0000,03ff,03ff,0000,1
1987,1987,0,0000,03ff,03ff,0000,1
1988,1988,0,0000,03ff,03ff,0000,1
1989,1989,0,0000,03ff,03ff,0000,1
1990,1990,0,0000,03ff,03ff,0000,1
1991,1991,0,0000,03ff,03ff,0000,1
1992,1992,0,0000,03ff,03ff,0000,1
1993,1993,0,0000,03ff,03ff,0000,1
1994,1994,0,0000,03ff,03ff,0000,1
1995,1995,0,0000,03ff,03ff,0000,1
1996,1996,0,0000,03ff,03ff,0000,1
1997,1997,0,0000,03ff,03ff,0000,1
1998,1998,0,0000,03ff,03ff,0000,1
1999,1999,0,0000,03ff,03ff,0000,1
2000,2000,0,0000,03ff,03ff,0000,1
2001,2001,0,0000,03ff,03ff,0000,1
2002,2002,0,0000,03ff,03ff,0000,1
2003,2003,0,0000,03ff,03ff,0000,1
2004,2004,0,0000,03ff,03ff,0000,1
2005,2005,0,0000,03ff,03ff,0000,1
2006,2006,0,0000,03ff,03ff,0000,1
2007,2007,0,0000,03ff,03ff,0000,1
2008,2008,0,0000,03ff,03ff,0000,1
2009,2009,0,0000,03ff,03ff,0000,1
2010,2010,0,0000,03ff,03ff,0000,1
2011,2011,0,0000,03ff,03ff,0000,1
2012,2012,0,0000,03ff,03ff,0000,1
2013,2013,0,0000,03ff,03ff,0000,1
2014,2014,0,0000,03ff,03ff,0000,1
2015,2015,0,0000,03ff,03ff,0000,1
2016,2016,0,0000,03ff,03ff,0000,1
2017,2017,0,0000,03ff,03ff,0000,1
2018,2018,0,0000,03ff,03ff,0000,1
2019,2019,0,0000,03ff,03ff,0000,1
2020,2020,0,0000,03ff,03ff,0000,1
2021,2021,0,0000,03ff,03ff,0000,1
2022,2022,0,0000,03ff,03ff,0000,1
2023,2023,0,0000,03ff,03ff,0000,1
2024,2024,0,0000,03ff,03ff,0000,1
2025,2025,0,0000,03ff,03ff,0000,1
2026,2026,0,0000,03ff,03ff,0000,1
2027,2027,0,0000,03ff,03ff,0000,1
2028,2028,0,0000,03ff,03ff,0000,1
2029,2029,0,0000,03ff,03ff,0000,1
2030,2030,0,0000,03ff,03ff,0000,1
2031,2031,0,0000,03ff,03ff,0000,1
2032,2032,0,0000,03ff,03ff,0000,1
2033,2033,0,0000,03ff,03ff,0000,1
2034,2034,0,0000,03ff,03ff,0000,1
2035,2035,0,0000,03ff,03ff,0000,1
2036,2036,0,0000,03ff,03ff,0000,1
2037,2037,0,0000,03ff,03ff,0000,1
2038,2038,0,0000,03ff,03ff,0000,1
2039,2039,0,0000,03ff,03ff,0000,1
2040,2040,0,0000,03ff,03ff,0000,1
2041,2041,0,0000,03ff,03ff,0000,1
2042,2042,0,0000,03ff,03ff,0000,1
2043,2043,0,0000,03ff,03ff,0000,1
2044,2044,0,0000,03ff,03ff,0000,1
2045,2045,0,0000,03ff,03ff,0000,1
2046,2046,0,0000,03ff,03ff,0000,1
2047,2047,0,0000,03ff,03ff,0000,1
